Image type	Feature Class	Feature Name	Segmentation_2_segment_tumora
diagnostics	Versions	PyRadiomics	v3.0.1.post15+g2791e23
diagnostics	Versions	Numpy	1.22.1
diagnostics	Versions	SimpleITK	2.2.0rc2.post15
diagnostics	Versions	PyWavelet	1.3.0
diagnostics	Versions	Python	3.9.10
diagnostics	Configuration	Settings	{'minimumROIDimensions': 2, 'minimumROISize': None, 'normalize': False, 'normalizeScale': 1, 'removeOutliers': None, 'resampledPixelSpacing': None, 'interpolator': 'sitkBSpline', 'preCrop': False, 'padDistance': 5, 'distances': [1], 'force2D': False, 'force2Ddimension': 0, 'resegmentRange': None, 'label': 1, 'additionalInfo': True, 'binWidth': 8.0, 'symmetricalGLCM': True, 'correctMask': True}
diagnostics	Configuration	EnabledImageTypes	{'Original': {}}
diagnostics	Image-original	Hash	42443d2eacec1616e2b64ec61fee3fe1ffc6287f
diagnostics	Image-original	Dimensionality	3D
diagnostics	Image-original	Spacing	(0.31249999999999994, 0.31250000000000017, 0.3125)
diagnostics	Image-original	Size	(99, 102, 75)
diagnostics	Image-original	Mean	53.90308972073678
diagnostics	Image-original	Minimum	0.0
diagnostics	Image-original	Maximum	179.0
diagnostics	Mask-original	Hash	0f462c3eb938f622b0ecc43d00bb47fac7a3349b
diagnostics	Mask-original	Spacing	(0.31249999999999994, 0.31250000000000017, 0.3125)
diagnostics	Mask-original	Size	(99, 102, 75)
diagnostics	Mask-original	BoundingBox	(6, 6, 7, 86, 90, 50)
diagnostics	Mask-original	VoxelNum	198339
diagnostics	Mask-original	VolumeNum	1
diagnostics	Mask-original	CenterOfMassIndex	(46.35465541320668, 52.015655014898734, 34.76497310160886)
diagnostics	Mask-original	CenterOfMass	(-17.071761081758805, 27.83646286761266, -8.235220364824016)
original	shape	Elongation	0.7627455035935248
original	shape	Flatness	0.5868390882222092
original	shape	LeastAxisLength	16.282857374041125
original	shape	MajorAxisLength	27.746715753664233
original	shape	Maximum2DDiameterColumn	27.26103560945548
original	shape	Maximum2DDiameterRow	28.683687110446606
original	shape	Maximum2DDiameterSlice	31.51450558869678
original	shape	Maximum3DDiameter	33.357087889982246
original	shape	MeshVolume	6049.872080485015
original	shape	MinorAxisLength	21.163682680595013
original	shape	Sphericity	0.6450831134792707
original	shape	SurfaceArea	2489.044029558129
original	shape	SurfaceVolumeRatio	0.4114209352602681
original	shape	VoxelVolume	6052.825927734377
original	firstorder	10Percentile	36.0
original	firstorder	90Percentile	65.0
original	firstorder	Energy	531516972.0
original	firstorder	Entropy	2.633963887497964
original	firstorder	InterquartileRange	14.0
original	firstorder	Kurtosis	5.095497292916192
original	firstorder	Maximum	142.0
original	firstorder	MeanAbsoluteDeviation	9.156569083254563
original	firstorder	Mean	50.302169517845705
original	firstorder	Median	49.0
original	firstorder	Minimum	0.0
original	firstorder	Range	142.0
original	firstorder	RobustMeanAbsoluteDeviation	6.01563910966575
original	firstorder	RootMeanSquared	51.767180133733206
original	firstorder	Skewness	0.6449498973611842
original	firstorder	TotalEnergy	16220610.717773441
original	firstorder	Uniformity	0.20103838395704388
original	firstorder	Variance	149.53268079629558
original	glcm	Autocorrelation	48.58233637064447
original	glcm	ClusterProminence	366.5098208161104
original	glcm	ClusterShade	15.180116351915121
original	glcm	ClusterTendency	8.655395061098345
original	glcm	Contrast	0.6470661172492947
original	glcm	Correlation	0.8606565785030189
original	glcm	DifferenceAverage	0.5102818994797038
original	glcm	DifferenceEntropy	1.2226079224461737
original	glcm	DifferenceVariance	0.37011056285756905
original	glcm	Id	0.7655979436132319
original	glcm	Idm	0.7583820450805695
original	glcm	Idmn	0.9980199999056395
original	glcm	Idn	0.9734962614685918
original	glcm	Imc1	-0.38605317758908686
original	glcm	Imc2	0.9214218636637942
original	glcm	InverseVariance	0.40895008404532
original	glcm	JointAverage	6.824962434932368
original	glcm	JointEnergy	0.087658122468961
original	glcm	JointEntropy	4.210441160381328
original	glcm	MCC	0.8768373081076288
original	glcm	MaximumProbability	0.17833955746720095
original	glcm	SumAverage	13.649924869864735
original	glcm	SumEntropy	3.505031359522639
original	glcm	SumSquares	2.325615294586911
original	gldm	DependenceEntropy	7.017575909375319
original	gldm	DependenceNonUniformity	9680.451696338088
original	gldm	DependenceNonUniformityNormalized	0.04880760564658533
original	gldm	DependenceVariance	32.357637395963906
original	gldm	GrayLevelNonUniformity	39873.75203565612
original	gldm	GrayLevelVariance	2.419521244471387
original	gldm	HighGrayLevelEmphasis	49.35589571390397
original	gldm	LargeDependenceEmphasis	248.20545127282077
original	gldm	LargeDependenceHighGrayLevelEmphasis	11539.198347274112
original	gldm	LargeDependenceLowGrayLevelEmphasis	6.2662391235555885
original	gldm	LowGrayLevelEmphasis	0.025689169434000323
original	gldm	SmallDependenceEmphasis	0.009660679079507642
original	gldm	SmallDependenceHighGrayLevelEmphasis	0.5675902102107252
original	gldm	SmallDependenceLowGrayLevelEmphasis	0.0002546049770341201
original	glrlm	GrayLevelNonUniformity	16565.64449291726
original	glrlm	GrayLevelNonUniformityNormalized	0.17566903777123402
original	glrlm	GrayLevelVariance	3.0418026277899903
original	glrlm	HighGrayLevelRunEmphasis	51.73389857449544
original	glrlm	LongRunEmphasis	10.283915043223118
original	glrlm	LongRunHighGrayLevelEmphasis	482.0839555405982
original	glrlm	LongRunLowGrayLevelEmphasis	0.2588763701836204
original	glrlm	LowGrayLevelRunEmphasis	0.025887294751698844
original	glrlm	RunEntropy	4.903578039382311
original	glrlm	RunLengthNonUniformity	32497.027791719418
original	glrlm	RunLengthNonUniformityNormalized	0.32995090563907886
original	glrlm	RunPercentage	0.47339384356309916
original	glrlm	RunVariance	4.392165002306494
original	glrlm	ShortRunEmphasis	0.5693917193169193
original	glrlm	ShortRunHighGrayLevelEmphasis	30.723041141948315
original	glrlm	ShortRunLowGrayLevelEmphasis	0.014694863115127592
original	glszm	GrayLevelNonUniformity	54.09949409780776
original	glszm	GrayLevelNonUniformityNormalized	0.09123017554436384
original	glszm	GrayLevelVariance	12.12466977014011
original	glszm	HighGrayLevelZoneEmphasis	77.75379426644182
original	glszm	LargeAreaEmphasis	11757594.672849916
original	glszm	LargeAreaHighGrayLevelEmphasis	536435271.5733558
original	glszm	LargeAreaLowGrayLevelEmphasis	272756.54505676666
original	glszm	LowGrayLevelZoneEmphasis	0.03854725519243438
original	glszm	SizeZoneNonUniformity	19.893760539629007
original	glszm	SizeZoneNonUniformityNormalized	0.0335476568965076
original	glszm	SmallAreaEmphasis	0.14710544109338025
original	glszm	SmallAreaHighGrayLevelEmphasis	12.462898026253612
original	glszm	SmallAreaLowGrayLevelEmphasis	0.0041506298288060284
original	glszm	ZoneEntropy	8.296101717613716
original	glszm	ZonePercentage	0.0029898305426567643
original	glszm	ZoneVariance	11645726.420925412
original	ngtdm	Busyness	62.540639636961835
original	ngtdm	Coarseness	8.836173501574383e-05
original	ngtdm	Complexity	52.11411018392635
original	ngtdm	Contrast	0.005025693780118082
original	ngtdm	Strength	0.020762539354258598
