Image type	Feature Class	Feature Name	Segmentation_7_segment_tumora
diagnostics	Versions	PyRadiomics	v3.0.1.post15+g2791e23
diagnostics	Versions	Numpy	1.22.1
diagnostics	Versions	SimpleITK	2.2.0rc2.post15
diagnostics	Versions	PyWavelet	1.3.0
diagnostics	Versions	Python	3.9.10
diagnostics	Configuration	Settings	{'minimumROIDimensions': 2, 'minimumROISize': None, 'normalize': False, 'normalizeScale': 1, 'removeOutliers': None, 'resampledPixelSpacing': None, 'interpolator': 'sitkBSpline', 'preCrop': False, 'padDistance': 5, 'distances': [1], 'force2D': False, 'force2Ddimension': 0, 'resegmentRange': None, 'label': 1, 'additionalInfo': True, 'binWidth': 8.0, 'symmetricalGLCM': True, 'correctMask': True}
diagnostics	Configuration	EnabledImageTypes	{'Original': {}}
diagnostics	Image-original	Hash	a93f6e90d850da91ab59e16d9250742f118ec183
diagnostics	Image-original	Dimensionality	3D
diagnostics	Image-original	Spacing	(0.4218749999999998, 0.42187500000000006, 0.42187499999999994)
diagnostics	Image-original	Size	(190, 201, 166)
diagnostics	Image-original	Mean	63.34966527539853
diagnostics	Image-original	Minimum	0.0
diagnostics	Image-original	Maximum	231.0
diagnostics	Mask-original	Hash	2beb06428af257e5c7f230fe4a406ec4eb804717
diagnostics	Mask-original	Spacing	(0.4218749999999998, 0.42187500000000006, 0.42187499999999994)
diagnostics	Mask-original	Size	(190, 201, 166)
diagnostics	Mask-original	BoundingBox	(24, 16, 0, 143, 175, 144)
diagnostics	Mask-original	VoxelNum	1193811
diagnostics	Mask-original	VolumeNum	2
diagnostics	Mask-original	CenterOfMassIndex	(100.02026954015334, 96.68261307694434, 68.3947618174066)
diagnostics	Mask-original	CenterOfMass	(27.236556513390447, 17.842804559249284, 38.67528387150867)
original	shape	Elongation	0.8327294803364746
original	shape	Flatness	0.598572536155664
original	shape	LeastAxisLength	39.19721906118693
original	shape	MajorAxisLength	65.48449301221088
original	shape	Maximum2DDiameterColumn	67.24242849163855
original	shape	Maximum2DDiameterRow	77.92020971501073
original	shape	Maximum2DDiameterSlice	77.42297079194263
original	shape	Maximum3DDiameter	81.54091848096112
original	shape	MeshVolume	89615.13733863697
original	shape	MinorAxisLength	54.53086783615587
original	shape	Sphericity	0.5215893693596189
original	shape	SurfaceArea	18567.052963758833
original	shape	SurfaceVolumeRatio	0.2071865704294778
original	shape	VoxelVolume	89636.92441177364
original	firstorder	10Percentile	28.0
original	firstorder	90Percentile	61.0
original	firstorder	Energy	2510380017.0
original	firstorder	Entropy	2.751390676729279
original	firstorder	InterquartileRange	16.0
original	firstorder	Kurtosis	5.553691911201911
original	firstorder	Maximum	147.0
original	firstorder	MeanAbsoluteDeviation	10.48410105296574
original	firstorder	Mean	43.65064235461057
original	firstorder	Median	42.0
original	firstorder	Minimum	0.0
original	firstorder	Range	147.0
original	firstorder	RobustMeanAbsoluteDeviation	6.923348409039804
original	firstorder	RootMeanSquared	45.856610062785585
original	firstorder	Skewness	1.1849540946010528
original	firstorder	TotalEnergy	188491096.01826084
original	firstorder	Uniformity	0.1850531270455102
original	firstorder	Variance	197.45010848024543
original	glcm	Autocorrelation	38.242299800343396
original	glcm	ClusterProminence	651.7656054380079
original	glcm	ClusterShade	40.31441025281803
original	glcm	ClusterTendency	11.11412187790095
original	glcm	Contrast	0.6309098211390162
original	glcm	Correlation	0.8920449923189031
original	glcm	DifferenceAverage	0.437870085067301
original	glcm	DifferenceEntropy	1.1974672814497298
original	glcm	DifferenceVariance	0.4283547891726996
original	glcm	Id	0.805959224959589
original	glcm	Idm	0.7991264864747438
original	glcm	Idmn	0.9982782717291184
original	glcm	Idn	0.9785427200496913
original	glcm	Imc1	-0.45466257403131255
original	glcm	Imc2	0.9517820205724438
original	glcm	InverseVariance	0.32907163729820815
original	glcm	JointAverage	5.968358186298455
original	glcm	JointEnergy	0.09623234032325087
original	glcm	JointEntropy	4.186188105657157
original	glcm	MCC	0.896289069121157
original	glcm	MaximumProbability	0.18639825369432372
original	glcm	SumAverage	11.936716372596912
original	glcm	SumEntropy	3.5620365245564116
original	glcm	SumSquares	2.9362579247599916
original	gldm	DependenceEntropy	7.132273618669519
original	gldm	DependenceNonUniformity	55020.64800625895
original	gldm	DependenceNonUniformityNormalized	0.046088240103549845
original	gldm	DependenceVariance	44.60635676972518
original	gldm	GrayLevelNonUniformity	220918.45865132756
original	gldm	GrayLevelVariance	3.1641348217464413
original	gldm	HighGrayLevelEmphasis	39.38660307201056
original	gldm	LargeDependenceEmphasis	331.59353113683824
original	gldm	LargeDependenceHighGrayLevelEmphasis	11066.768491829946
original	gldm	LargeDependenceLowGrayLevelEmphasis	12.372457613022696
original	gldm	LowGrayLevelEmphasis	0.03554410254407007
original	gldm	SmallDependenceEmphasis	0.00988259015184274
original	gldm	SmallDependenceHighGrayLevelEmphasis	0.6328953305054497
original	gldm	SmallDependenceLowGrayLevelEmphasis	0.0002989544034268877
original	glrlm	GrayLevelNonUniformity	68806.94680670099
original	glrlm	GrayLevelNonUniformityNormalized	0.1481776109758515
original	glrlm	GrayLevelVariance	4.506813639451518
original	glrlm	HighGrayLevelRunEmphasis	46.52699483028242
original	glrlm	LongRunEmphasis	16.45604444278773
original	glrlm	LongRunHighGrayLevelEmphasis	552.20200407174
original	glrlm	LongRunLowGrayLevelEmphasis	0.6143859204028037
original	glrlm	LowGrayLevelRunEmphasis	0.03344538416394315
original	glrlm	RunEntropy	5.426274257191964
original	glrlm	RunLengthNonUniformity	134620.7631632645
original	glrlm	RunLengthNonUniformityNormalized	0.2798233293135963
original	glrlm	RunPercentage	0.38689631518144574
original	glrlm	RunVariance	8.329476627495122
original	glrlm	ShortRunEmphasis	0.5272401814295355
original	glrlm	ShortRunHighGrayLevelEmphasis	28.27510425067548
original	glrlm	ShortRunLowGrayLevelEmphasis	0.016454951279152606
original	glszm	GrayLevelNonUniformity	356.2622591943958
original	glszm	GrayLevelNonUniformityNormalized	0.07799086234553324
original	glszm	GrayLevelVariance	13.700379515153003
original	glszm	HighGrayLevelZoneEmphasis	94.1260945709282
original	glszm	LargeAreaEmphasis	53066525.08515762
original	glszm	LargeAreaHighGrayLevelEmphasis	1731281218.272767
original	glszm	LargeAreaLowGrayLevelEmphasis	1805906.373289572
original	glszm	LowGrayLevelZoneEmphasis	0.0378819617871542
original	glszm	SizeZoneNonUniformity	349.6440455341506
original	glszm	SizeZoneNonUniformityNormalized	0.07654204149171423
original	glszm	SmallAreaEmphasis	0.23785814024600133
original	glszm	SmallAreaHighGrayLevelEmphasis	24.144883042189303
original	glszm	SmallAreaLowGrayLevelEmphasis	0.006816694003096528
original	glszm	ZoneEntropy	8.432418426259137
original	glszm	ZonePercentage	0.0038264013315340534
original	glszm	ZoneVariance	52998225.35906293
original	ngtdm	Busyness	349.99809090711653
original	ngtdm	Coarseness	1.7682894716466732e-05
original	ngtdm	Complexity	57.06674844852218
original	ngtdm	Contrast	0.005480842078060732
original	ngtdm	Strength	0.005267456493225222
