Image type	Feature Class	Feature Name	Segmentation_6_segment_tumora
diagnostics	Versions	PyRadiomics	v3.0.1.post15+g2791e23
diagnostics	Versions	Numpy	1.22.1
diagnostics	Versions	SimpleITK	2.2.0rc2.post15
diagnostics	Versions	PyWavelet	1.3.0
diagnostics	Versions	Python	3.9.10
diagnostics	Configuration	Settings	{'minimumROIDimensions': 2, 'minimumROISize': None, 'normalize': False, 'normalizeScale': 1, 'removeOutliers': None, 'resampledPixelSpacing': None, 'interpolator': 'sitkBSpline', 'preCrop': False, 'padDistance': 5, 'distances': [1], 'force2D': False, 'force2Ddimension': 0, 'resegmentRange': None, 'label': 1, 'additionalInfo': True, 'binWidth': 8.0, 'symmetricalGLCM': True, 'correctMask': True}
diagnostics	Configuration	EnabledImageTypes	{'Original': {}}
diagnostics	Image-original	Hash	b4f6367463530cf47e11029c7e4457f935c20239
diagnostics	Image-original	Dimensionality	3D
diagnostics	Image-original	Spacing	(0.3906249999999993, 0.39062499999999906, 0.390625)
diagnostics	Image-original	Size	(145, 113, 100)
diagnostics	Image-original	Mean	59.08857247482454
diagnostics	Image-original	Minimum	0.0
diagnostics	Image-original	Maximum	230.0
diagnostics	Mask-original	Hash	4ba0f1b25f02dbb05d83de5a93bcaaf0ac9012b3
diagnostics	Mask-original	Spacing	(0.3906249999999993, 0.39062499999999906, 0.390625)
diagnostics	Mask-original	Size	(145, 113, 100)
diagnostics	Mask-original	BoundingBox	(4, 7, 5, 133, 94, 70)
diagnostics	Mask-original	VoxelNum	324060
diagnostics	Mask-original	VolumeNum	1
diagnostics	Mask-original	CenterOfMassIndex	(74.07930630130222, 50.093532061963835, 44.72680985002777)
diagnostics	Mask-original	CenterOfMass	(-1.479324869353686, 38.622520091589934, 51.012920110338065)
original	shape	Elongation	0.7072857560202364
original	shape	Flatness	0.5162660729912312
original	shape	LeastAxisLength	23.089313648740887
original	shape	MajorAxisLength	44.72367032557853
original	shape	Maximum2DDiameterColumn	50.93426465952209
original	shape	Maximum2DDiameterRow	38.67384780321511
original	shape	Maximum2DDiameterSlice	52.02356596789204
original	shape	Maximum3DDiameter	52.93076855445813
original	shape	MeshVolume	19312.523305416078
original	shape	MinorAxisLength	31.63241497822662
original	shape	Sphericity	0.5325779846223839
original	shape	SurfaceArea	6536.224018374608
original	shape	SurfaceVolumeRatio	0.33844484819555215
original	shape	VoxelVolume	19315.481185913006
original	firstorder	10Percentile	43.0
original	firstorder	90Percentile	67.0
original	firstorder	Energy	1020715195.0
original	firstorder	Entropy	2.439805497083931
original	firstorder	InterquartileRange	12.0
original	firstorder	Kurtosis	5.524904159555005
original	firstorder	Maximum	142.0
original	firstorder	MeanAbsoluteDeviation	7.850685515248241
original	firstorder	Mean	55.089356909214345
original	firstorder	Median	55.0
original	firstorder	Minimum	0.0
original	firstorder	Range	142.0
original	firstorder	RobustMeanAbsoluteDeviation	5.004591543416679
original	firstorder	RootMeanSquared	56.12283179746226
original	firstorder	Skewness	0.5158200030193666
original	firstorder	TotalEnergy	60839366.61481832
original	firstorder	Uniformity	0.23514531241169703
original	firstorder	Variance	114.93500429543877
original	glcm	Autocorrelation	56.748819966364216
original	glcm	ClusterProminence	209.55213117325698
original	glcm	ClusterShade	6.518175134799833
original	glcm	ClusterTendency	6.4281370991434335
original	glcm	Contrast	0.4982019628954391
original	glcm	Correlation	0.8554642199574467
original	glcm	DifferenceAverage	0.393023625374069
original	glcm	DifferenceEntropy	1.1102660817349594
original	glcm	DifferenceVariance	0.33611059519582986
original	glcm	Id	0.8186403591190101
original	glcm	Idm	0.8137708304824683
original	glcm	Idmn	0.998476982270563
original	glcm	Idn	0.9795833244321
original	glcm	Imc1	-0.4229732713028534
original	glcm	Imc2	0.9252406691514496
original	glcm	InverseVariance	0.3218031754726853
original	glcm	JointAverage	7.43413181851483
original	glcm	JointEnergy	0.1283038330103877
original	glcm	JointEntropy	3.7654675308915517
original	glcm	MCC	0.8591674090061245
original	glcm	MaximumProbability	0.24638035157448712
original	glcm	SumAverage	14.868263637029663
original	glcm	SumEntropy	3.2218653173588825
original	glcm	SumSquares	1.731584765509719
original	gldm	DependenceEntropy	6.796102863661232
original	gldm	DependenceNonUniformity	15667.9882058878
original	gldm	DependenceNonUniformityNormalized	0.048349034764820706
original	gldm	DependenceVariance	42.820218213144784
original	gldm	GrayLevelNonUniformity	76201.18994013454
original	gldm	GrayLevelVariance	1.8775123136450345
original	gldm	HighGrayLevelEmphasis	57.35371536135283
original	gldm	LargeDependenceEmphasis	337.62061963833855
original	gldm	LargeDependenceHighGrayLevelEmphasis	18547.339366166758
original	gldm	LargeDependenceLowGrayLevelEmphasis	6.722684290361282
original	gldm	LowGrayLevelEmphasis	0.020282655031624283
original	gldm	SmallDependenceEmphasis	0.008491200081370859
original	gldm	SmallDependenceHighGrayLevelEmphasis	0.6123050634845906
original	gldm	SmallDependenceLowGrayLevelEmphasis	0.0001779630812881273
original	glrlm	GrayLevelNonUniformity	22745.804394473867
original	glrlm	GrayLevelNonUniformityNormalized	0.1849796672801633
original	glrlm	GrayLevelVariance	2.8041883810401576
original	glrlm	HighGrayLevelRunEmphasis	60.51983924525619
original	glrlm	LongRunEmphasis	16.862684650055463
original	glrlm	LongRunHighGrayLevelEmphasis	935.1977775412244
original	glrlm	LongRunLowGrayLevelEmphasis	0.33197294636752506
original	glrlm	LowGrayLevelRunEmphasis	0.02060214513004079
original	glrlm	RunEntropy	5.193092980074988
original	glrlm	RunLengthNonUniformity	34457.17221087885
original	glrlm	RunLengthNonUniformityNormalized	0.2703995198263802
original	glrlm	RunPercentage	0.37808644173206285
original	glrlm	RunVariance	8.484158084330312
original	glrlm	ShortRunEmphasis	0.5137841257906349
original	glrlm	ShortRunHighGrayLevelEmphasis	33.04256951985332
original	glrlm	ShortRunLowGrayLevelEmphasis	0.010590476448498021
original	glszm	GrayLevelNonUniformity	89.00197238658777
original	glszm	GrayLevelNonUniformityNormalized	0.08777314831024435
original	glszm	GrayLevelVariance	12.720033923493187
original	glszm	HighGrayLevelZoneEmphasis	97.23668639053254
original	glszm	LargeAreaEmphasis	22934447.674556214
original	glszm	LargeAreaHighGrayLevelEmphasis	1252969294.6972387
original	glszm	LargeAreaLowGrayLevelEmphasis	434269.8217572879
original	glszm	LowGrayLevelZoneEmphasis	0.026150001539914244
original	glszm	SizeZoneNonUniformity	62.451676528599606
original	glszm	SizeZoneNonUniformityNormalized	0.061589424584417754
original	glszm	SmallAreaEmphasis	0.22317153763720676
original	glszm	SmallAreaHighGrayLevelEmphasis	23.497839384007044
original	glszm	SmallAreaLowGrayLevelEmphasis	0.005068074732089208
original	glszm	ZoneEntropy	8.17019556119642
original	glszm	ZonePercentage	0.0031290501758933532
original	glszm	ZoneVariance	22832312.59175099
original	ngtdm	Busyness	87.48155943669087
original	ngtdm	Coarseness	5.549749746301466e-05
original	ngtdm	Complexity	43.90056395799072
original	ngtdm	Contrast	0.003383862110274413
original	ngtdm	Strength	0.013296008731854924
