Image type	Feature Class	Feature Name	Segmentation_5_segment_tumora
diagnostics	Versions	PyRadiomics	v3.0.1.post15+g2791e23
diagnostics	Versions	Numpy	1.22.1
diagnostics	Versions	SimpleITK	2.2.0rc2.post15
diagnostics	Versions	PyWavelet	1.3.0
diagnostics	Versions	Python	3.9.10
diagnostics	Configuration	Settings	{'minimumROIDimensions': 2, 'minimumROISize': None, 'normalize': False, 'normalizeScale': 1, 'removeOutliers': None, 'resampledPixelSpacing': None, 'interpolator': 'sitkBSpline', 'preCrop': False, 'padDistance': 5, 'distances': [1], 'force2D': False, 'force2Ddimension': 0, 'resegmentRange': None, 'label': 1, 'additionalInfo': True, 'binWidth': 8.0, 'symmetricalGLCM': True, 'correctMask': True}
diagnostics	Configuration	EnabledImageTypes	{'Original': {}}
diagnostics	Image-original	Hash	37be7761942dda75d29b5b538a247a33cb574843
diagnostics	Image-original	Dimensionality	3D
diagnostics	Image-original	Spacing	(0.31249999999999944, 0.3124999999999996, 0.31249999999999994)
diagnostics	Image-original	Size	(50, 41, 50)
diagnostics	Image-original	Mean	44.204380487804876
diagnostics	Image-original	Minimum	0.0
diagnostics	Image-original	Maximum	161.0
diagnostics	Mask-original	Hash	3a0b749e901843b72d6552c792255983448641ec
diagnostics	Mask-original	Spacing	(0.31249999999999944, 0.3124999999999996, 0.31249999999999994)
diagnostics	Mask-original	Size	(50, 41, 50)
diagnostics	Mask-original	BoundingBox	(6, 9, 7, 39, 25, 25)
diagnostics	Mask-original	VoxelNum	13116
diagnostics	Mask-original	VolumeNum	1
diagnostics	Mask-original	CenterOfMassIndex	(24.29666056724611, 21.06396767307106, 20.9743824336688)
diagnostics	Mask-original	CenterOfMass	(-2.476276518827773, 22.710227866198434, -105.19738674231054)
original	shape	Elongation	0.7179709046256307
original	shape	Flatness	0.535738288765751
original	shape	LeastAxisLength	6.366822886780751
original	shape	MajorAxisLength	11.884203575310655
original	shape	Maximum2DDiameterColumn	13.261934483701824
original	shape	Maximum2DDiameterRow	10.20301732332156
original	shape	Maximum2DDiameterSlice	12.287252032085917
original	shape	Maximum3DDiameter	13.495514301055723
original	shape	MeshVolume	399.1953531901036
original	shape	MinorAxisLength	8.532512391720948
original	shape	Sphericity	0.737669531418482
original	shape	SurfaceArea	355.4233289251941
original	shape	SurfaceVolumeRatio	0.890349364252082
original	shape	VoxelVolume	400.26855468749875
original	firstorder	10Percentile	38.0
original	firstorder	90Percentile	59.0
original	firstorder	Energy	32010059.0
original	firstorder	Entropy	2.1301575702160958
original	firstorder	InterquartileRange	11.0
original	firstorder	Kurtosis	3.455483492396331
original	firstorder	Maximum	83.0
original	firstorder	MeanAbsoluteDeviation	6.399735914993535
original	firstorder	Mean	48.72544983226594
original	firstorder	Median	49.0
original	firstorder	Minimum	16.0
original	firstorder	Range	67.0
original	firstorder	RobustMeanAbsoluteDeviation	4.681865313151168
original	firstorder	RootMeanSquared	49.40177272032805
original	firstorder	Skewness	0.13363906821514532
original	firstorder	TotalEnergy	976869.4763183562
original	firstorder	Uniformity	0.27206680232715497
original	firstorder	Variance	66.36568655428405
original	glcm	Autocorrelation	22.502722741036674
original	glcm	ClusterProminence	46.55176737326899
original	glcm	ClusterShade	1.2304339178200314
original	glcm	ClusterTendency	3.7331180232150127
original	glcm	Contrast	0.570474292560361
original	glcm	Correlation	0.7341621440604416
original	glcm	DifferenceAverage	0.47635710810736726
original	glcm	DifferenceEntropy	1.1570488810936657
original	glcm	DifferenceVariance	0.3283850445048325
original	glcm	Id	0.7766741061445657
original	glcm	Idm	0.7712110628025913
original	glcm	Idmn	0.9931401295128415
original	glcm	Idn	0.9532043944067894
original	glcm	Imc1	-0.2932627415190671
original	glcm	Imc2	0.81812348361783
original	glcm	InverseVariance	0.40172140183954175
original	glcm	JointAverage	4.659606919665582
original	glcm	JointEnergy	0.12558946660046336
original	glcm	JointEntropy	3.568917167956612
original	glcm	MCC	0.7381760258914614
original	glcm	MaximumProbability	0.24021853952932987
original	glcm	SumAverage	9.319213839331164
original	glcm	SumEntropy	2.9319577815705453
original	glcm	SumSquares	1.0758980789438437
original	gldm	DependenceEntropy	6.498029507363448
original	gldm	DependenceNonUniformity	634.887923147301
original	gldm	DependenceNonUniformityNormalized	0.04840560560744899
original	gldm	DependenceVariance	33.56035775640655
original	gldm	GrayLevelNonUniformity	3568.4281793229643
original	gldm	GrayLevelVariance	1.132471313517378
original	gldm	HighGrayLevelEmphasis	22.765324794144558
original	gldm	LargeDependenceEmphasis	241.09957304056115
original	gldm	LargeDependenceHighGrayLevelEmphasis	5371.3921927416895
original	gldm	LargeDependenceLowGrayLevelEmphasis	12.667346897174799
original	gldm	LowGrayLevelEmphasis	0.05679847461035515
original	gldm	SmallDependenceEmphasis	0.011060315207145377
original	gldm	SmallDependenceHighGrayLevelEmphasis	0.26071254253922277
original	gldm	SmallDependenceLowGrayLevelEmphasis	0.0008707074685492122
original	glrlm	GrayLevelNonUniformity	1525.1186549320842
original	glrlm	GrayLevelNonUniformityNormalized	0.23970948089895452
original	glrlm	GrayLevelVariance	1.4028945881737525
original	glrlm	HighGrayLevelRunEmphasis	23.144617431112845
original	glrlm	LongRunEmphasis	9.447133984836466
original	glrlm	LongRunHighGrayLevelEmphasis	211.20906084306318
original	glrlm	LongRunLowGrayLevelEmphasis	0.510129040115499
original	glrlm	LowGrayLevelRunEmphasis	0.0600642246174038
original	glrlm	RunEntropy	4.325955344587321
original	glrlm	RunLengthNonUniformity	2230.704432791821
original	glrlm	RunLengthNonUniformityNormalized	0.33398064236525654
original	glrlm	RunPercentage	0.48437609965514816
original	glrlm	RunVariance	3.513817281512707
original	glrlm	ShortRunEmphasis	0.5718158058341556
original	glrlm	ShortRunHighGrayLevelEmphasis	13.375618457690077
original	glrlm	ShortRunLowGrayLevelEmphasis	0.03648647259356795
original	glszm	GrayLevelNonUniformity	13.082191780821917
original	glszm	GrayLevelNonUniformityNormalized	0.1792081065866016
original	glszm	GrayLevelVariance	5.22086695440045
original	glszm	HighGrayLevelZoneEmphasis	29.136986301369863
original	glszm	LargeAreaEmphasis	586650.4109589041
original	glszm	LargeAreaHighGrayLevelEmphasis	12932054.712328767
original	glszm	LargeAreaLowGrayLevelEmphasis	28429.131160908426
original	glszm	LowGrayLevelZoneEmphasis	0.11026096727376895
original	glszm	SizeZoneNonUniformity	2.671232876712329
original	glszm	SizeZoneNonUniformityNormalized	0.03659223118784012
original	glszm	SmallAreaEmphasis	0.1049419669674132
original	glszm	SmallAreaHighGrayLevelEmphasis	2.799085789621311
original	glszm	SmallAreaLowGrayLevelEmphasis	0.008910714813054693
original	glszm	ZoneEntropy	5.922567367039901
original	glszm	ZonePercentage	0.0055657212564806345
original	glszm	ZoneVariance	554368.6590354663
original	ngtdm	Busyness	18.736880219084366
original	ngtdm	Coarseness	0.001010587651398152
original	ngtdm	Complexity	11.517119331492006
original	ngtdm	Contrast	0.010249338619381163
original	ngtdm	Strength	0.03336355367350796
