Image type	Feature Class	Feature Name	Segmentation_segment_tumora
diagnostics	Versions	PyRadiomics	v3.0.1.post15+g2791e23
diagnostics	Versions	Numpy	1.22.1
diagnostics	Versions	SimpleITK	2.2.0rc2.post15
diagnostics	Versions	PyWavelet	1.3.0
diagnostics	Versions	Python	3.9.10
diagnostics	Configuration	Settings	{'minimumROIDimensions': 2, 'minimumROISize': None, 'normalize': False, 'normalizeScale': 1, 'removeOutliers': None, 'resampledPixelSpacing': None, 'interpolator': 'sitkBSpline', 'preCrop': False, 'padDistance': 5, 'distances': [1], 'force2D': False, 'force2Ddimension': 0, 'resegmentRange': None, 'label': 1, 'additionalInfo': True, 'binWidth': 8.0, 'symmetricalGLCM': True, 'correctMask': True}
diagnostics	Configuration	EnabledImageTypes	{'Original': {}}
diagnostics	Image-original	Hash	8b89bbb555fb7e09526ebefee78de53049c55f37
diagnostics	Image-original	Dimensionality	3D
diagnostics	Image-original	Spacing	(0.3906250000000001, 0.390625, 0.3906250000000002)
diagnostics	Image-original	Size	(52, 50, 50)
diagnostics	Image-original	Mean	56.204446153846156
diagnostics	Image-original	Minimum	0.0
diagnostics	Image-original	Maximum	185.0
diagnostics	Mask-original	Hash	b81af657e228e0d9ea1810291d03613f5fda8f0c
diagnostics	Mask-original	Spacing	(0.3906250000000001, 0.39062499999999983, 0.39062500000000006)
diagnostics	Mask-original	Size	(52, 50, 50)
diagnostics	Mask-original	BoundingBox	(10, 9, 5, 34, 34, 30)
diagnostics	Mask-original	VoxelNum	14320
diagnostics	Mask-original	VolumeNum	1
diagnostics	Mask-original	CenterOfMassIndex	(25.922486033519554, 26.655027932960895, 22.26536312849162)
diagnostics	Mask-original	CenterOfMass	(-1.468060283309768, 32.69085139292516, -124.74147796133123)
original	shape	Elongation	0.9166746196371218
original	shape	Flatness	0.7562210867869089
original	shape	LeastAxisLength	9.51675533238501
original	shape	MajorAxisLength	12.584620422078604
original	shape	Maximum2DDiameterColumn	15.254393898255191
original	shape	Maximum2DDiameterRow	14.874556847390448
original	shape	Maximum2DDiameterSlice	14.341843555223297
original	shape	Maximum3DDiameter	15.62988204979888
original	shape	MeshVolume	851.1791626612362
original	shape	MinorAxisLength	11.53600213868646
original	shape	Sphericity	0.7003771881865613
original	shape	SurfaceArea	620.1538644908177
original	shape	SurfaceVolumeRatio	0.7285820561582931
original	shape	VoxelVolume	853.5385131835945
original	firstorder	10Percentile	26.0
original	firstorder	90Percentile	52.0
original	firstorder	Energy	25006497.0
original	firstorder	Entropy	2.4474292540362077
original	firstorder	InterquartileRange	13.0
original	firstorder	Kurtosis	3.7979190391317825
original	firstorder	Maximum	95.0
original	firstorder	MeanAbsoluteDeviation	8.196683848428576
original	firstorder	Mean	40.41920391061453
original	firstorder	Median	41.0
original	firstorder	Minimum	8.0
original	firstorder	Range	87.0
original	firstorder	RobustMeanAbsoluteDeviation	5.616643470595979
original	firstorder	RootMeanSquared	41.78832082033496
original	firstorder	Skewness	0.06906772511332751
original	firstorder	TotalEnergy	1490503.3707618727
original	firstorder	Uniformity	0.2256978753784214
original	firstorder	Variance	112.55171221540371
original	glcm	Autocorrelation	22.469887159064896
original	glcm	ClusterProminence	146.02123052094396
original	glcm	ClusterShade	-1.4248560072970586
original	glcm	ClusterTendency	6.48090152314824
original	glcm	Contrast	0.39167502404505733
original	glcm	Correlation	0.8855093752257118
original	glcm	DifferenceAverage	0.3476033313162975
original	glcm	DifferenceEntropy	0.9995174451043448
original	glcm	DifferenceVariance	0.26491920787159584
original	glcm	Id	0.8327800820331068
original	glcm	Idm	0.8305302835613327
original	glcm	Idmn	0.9968152022512574
original	glcm	Idn	0.9713063097930874
original	glcm	Imc1	-0.4779417739433934
original	glcm	Imc2	0.9443460623287248
original	glcm	InverseVariance	0.3157265632640002
original	glcm	JointAverage	4.576827526576098
original	glcm	JointEnergy	0.12655487600776325
original	glcm	JointEntropy	3.6457858700915344
original	glcm	MCC	0.9058257403737694
original	glcm	MaximumProbability	0.26725424253523256
original	glcm	SumAverage	9.153655053152196
original	glcm	SumEntropy	3.224323728316671
original	glcm	SumSquares	1.7181441367983248
original	gldm	DependenceEntropy	6.819871282452372
original	gldm	DependenceNonUniformity	663.6928770949721
original	gldm	DependenceNonUniformityNormalized	0.0463472679535595
original	gldm	DependenceVariance	37.4985238444493
original	gldm	GrayLevelNonUniformity	3231.9935754189946
original	gldm	GrayLevelVariance	1.8492525007022254
original	gldm	HighGrayLevelEmphasis	23.05167597765363
original	gldm	LargeDependenceEmphasis	320.23617318435754
original	gldm	LargeDependenceHighGrayLevelEmphasis	6853.473882681565
original	gldm	LargeDependenceLowGrayLevelEmphasis	22.747870524456197
original	gldm	LowGrayLevelEmphasis	0.07249736840261059
original	gldm	SmallDependenceEmphasis	0.008464744482697616
original	gldm	SmallDependenceHighGrayLevelEmphasis	0.27249510089830975
original	gldm	SmallDependenceLowGrayLevelEmphasis	0.000558441529136788
original	glrlm	GrayLevelNonUniformity	1084.1604610225186
original	glrlm	GrayLevelNonUniformityNormalized	0.19289081170471298
original	glrlm	GrayLevelVariance	2.3566301655499515
original	glrlm	HighGrayLevelRunEmphasis	25.03885939647819
original	glrlm	LongRunEmphasis	12.510550551905807
original	glrlm	LongRunHighGrayLevelEmphasis	277.86353096390985
original	glrlm	LongRunLowGrayLevelEmphasis	0.8445497259586977
original	glrlm	LowGrayLevelRunEmphasis	0.07310807810389577
original	glrlm	RunEntropy	5.013405114135747
original	glrlm	RunLengthNonUniformity	1483.9430807994627
original	glrlm	RunLengthNonUniformityNormalized	0.25375107601295166
original	glrlm	RunPercentage	0.3917382896433176
original	glrlm	RunVariance	4.900779164181151
original	glrlm	ShortRunEmphasis	0.4811719659060254
original	glrlm	ShortRunHighGrayLevelEmphasis	13.564152837984684
original	glrlm	ShortRunLowGrayLevelEmphasis	0.03293823927172924
original	glszm	GrayLevelNonUniformity	7.0
original	glszm	GrayLevelNonUniformityNormalized	0.1076923076923077
original	glszm	GrayLevelVariance	7.383668639053256
original	glszm	HighGrayLevelZoneEmphasis	43.753846153846155
original	glszm	LargeAreaEmphasis	691972.8307692307
original	glszm	LargeAreaHighGrayLevelEmphasis	15789494.646153847
original	glszm	LargeAreaLowGrayLevelEmphasis	35842.832310352635
original	glszm	LowGrayLevelZoneEmphasis	0.0990036951985004
original	glszm	SizeZoneNonUniformity	3.8615384615384616
original	glszm	SizeZoneNonUniformityNormalized	0.05940828402366864
original	glszm	SmallAreaEmphasis	0.1446131900705795
original	glszm	SmallAreaHighGrayLevelEmphasis	5.17445217662387
original	glszm	SmallAreaLowGrayLevelEmphasis	0.015107238447914246
original	glszm	ZoneEntropy	5.795369543764383
original	glszm	ZonePercentage	0.004539106145251397
original	glszm	ZoneVariance	643437.35147929
original	ngtdm	Busyness	12.370503647509816
original	ngtdm	Coarseness	0.0012469862703861502
original	ngtdm	Complexity	15.201331617087893
original	ngtdm	Contrast	0.009200853031471432
original	ngtdm	Strength	0.0774550764605899
