Image type	Feature Class	Feature Name	Segmentation_1_segment_tumora
diagnostics	Versions	PyRadiomics	v3.0.1.post15+g2791e23
diagnostics	Versions	Numpy	1.22.1
diagnostics	Versions	SimpleITK	2.2.0rc2.post15
diagnostics	Versions	PyWavelet	1.3.0
diagnostics	Versions	Python	3.9.10
diagnostics	Configuration	Settings	{'minimumROIDimensions': 2, 'minimumROISize': None, 'normalize': False, 'normalizeScale': 1, 'removeOutliers': None, 'resampledPixelSpacing': None, 'interpolator': 'sitkBSpline', 'preCrop': False, 'padDistance': 5, 'distances': [1], 'force2D': False, 'force2Ddimension': 0, 'resegmentRange': None, 'label': 1, 'additionalInfo': True, 'binWidth': 8.0, 'symmetricalGLCM': True, 'correctMask': True}
diagnostics	Configuration	EnabledImageTypes	{'Original': {}}
diagnostics	Image-original	Hash	17af8abab9a28db1334333688d7ee4849b3090b1
diagnostics	Image-original	Dimensionality	3D
diagnostics	Image-original	Spacing	(0.39062499999999983, 0.39062499999999967, 0.3906249999999999)
diagnostics	Image-original	Size	(51, 55, 70)
diagnostics	Image-original	Mean	71.73322128851541
diagnostics	Image-original	Minimum	0.0
diagnostics	Image-original	Maximum	217.0
diagnostics	Mask-original	Hash	8653a152a906156ac31debb2e6cbd8d55f1661fc
diagnostics	Mask-original	Spacing	(0.39062499999999983, 0.39062499999999967, 0.3906249999999999)
diagnostics	Mask-original	Size	(51, 55, 70)
diagnostics	Mask-original	BoundingBox	(13, 16, 25, 29, 26, 10)
diagnostics	Mask-original	VoxelNum	3320
diagnostics	Mask-original	VolumeNum	1
diagnostics	Mask-original	CenterOfMassIndex	(25.89156626506024, 27.237951807228917, 29.5)
diagnostics	Mask-original	CenterOfMass	(4.926716389440687, 59.44445185188703, -66.4634245060254)
original	shape	Elongation	0.5204120587805802
original	shape	Flatness	0.3752734259523706
original	shape	LeastAxisLength	4.4879395676078335
original	shape	MajorAxisLength	11.959119024264295
original	shape	Maximum2DDiameterColumn	8.212420328761183
original	shape	Maximum2DDiameterRow	9.647725808772234
original	shape	Maximum2DDiameterSlice	12.414256704742732
original	shape	Maximum3DDiameter	12.902456691338857
original	shape	MeshVolume	196.54134909311927
original	shape	MinorAxisLength	6.223669752619384
original	shape	Sphericity	0.7120317604807997
original	shape	SurfaceArea	229.59057041972585
original	shape	SurfaceVolumeRatio	1.1681540371993082
original	shape	VoxelVolume	197.88742065429656
original	firstorder	10Percentile	65.0
original	firstorder	90Percentile	80.0
original	firstorder	Energy	17407790.0
original	firstorder	Entropy	1.832943235527922
original	firstorder	InterquartileRange	7.0
original	firstorder	Kurtosis	6.676536224256827
original	firstorder	Maximum	113.0
original	firstorder	MeanAbsoluteDeviation	5.136278124546378
original	firstorder	Mean	72.05602409638554
original	firstorder	Median	71.0
original	firstorder	Minimum	47.0
original	firstorder	Range	66.0
original	firstorder	RobustMeanAbsoluteDeviation	3.271400170117197
original	firstorder	RootMeanSquared	72.41070529254534
original	firstorder	Skewness	1.153944113062122
original	firstorder	TotalEnergy	1037585.1392745957
original	firstorder	Uniformity	0.35332250689505007
original	firstorder	Variance	51.23963238496154
original	glcm	Autocorrelation	21.06709828187204
original	glcm	ClusterProminence	42.508026660937915
original	glcm	ClusterShade	4.121484461139801
original	glcm	ClusterTendency	2.6147188072857546
original	glcm	Contrast	0.40846146417161033
original	glcm	Correlation	0.727804085071884
original	glcm	DifferenceAverage	0.35630789132276863
original	glcm	DifferenceEntropy	1.0290620090098117
original	glcm	DifferenceVariance	0.2775202457453993
original	glcm	Id	0.8298905060367497
original	glcm	Idm	0.8270383733390191
original	glcm	Idmn	0.9959942826633975
original	glcm	Idn	0.967994122610121
original	glcm	Imc1	-0.313568706792134
original	glcm	Imc2	0.8059210253670598
original	glcm	InverseVariance	0.3166296702232272
original	glcm	JointAverage	4.529377200962494
original	glcm	JointEnergy	0.21095230493599657
original	glcm	JointEntropy	2.93995744308518
original	glcm	MCC	0.75551989079869
original	glcm	MaximumProbability	0.34326200147026803
original	glcm	SumAverage	9.05875440192499
original	glcm	SumEntropy	2.505032993252753
original	glcm	SumSquares	0.7557950678643414
original	gldm	DependenceEntropy	6.094688305533816
original	gldm	DependenceNonUniformity	147.2277108433735
original	gldm	DependenceNonUniformityNormalized	0.04434569603716069
original	gldm	DependenceVariance	43.66305849905647
original	gldm	GrayLevelNonUniformity	1173.0307228915663
original	gldm	GrayLevelVariance	0.8742211315140078
original	gldm	HighGrayLevelEmphasis	21.821385542168674
original	gldm	LargeDependenceEmphasis	291.5168674698795
original	gldm	LargeDependenceHighGrayLevelEmphasis	5798.808132530121
original	gldm	LargeDependenceLowGrayLevelEmphasis	15.827015165869447
original	gldm	LowGrayLevelEmphasis	0.05429465020892337
original	gldm	SmallDependenceEmphasis	0.013500549621481422
original	gldm	SmallDependenceHighGrayLevelEmphasis	0.41971166540957466
original	gldm	SmallDependenceLowGrayLevelEmphasis	0.0009581205604740898
original	glrlm	GrayLevelNonUniformity	403.7993320912006
original	glrlm	GrayLevelNonUniformityNormalized	0.2791477197741703
original	glrlm	GrayLevelVariance	1.3449721284150393
original	glrlm	HighGrayLevelRunEmphasis	23.797391936079325
original	glrlm	LongRunEmphasis	9.677910639402741
original	glrlm	LongRunHighGrayLevelEmphasis	197.71186286425882
original	glrlm	LongRunLowGrayLevelEmphasis	0.5235920916696858
original	glrlm	LowGrayLevelRunEmphasis	0.05431214432231349
original	glrlm	RunEntropy	4.262765058539555
original	glrlm	RunLengthNonUniformity	444.4027389741077
original	glrlm	RunLengthNonUniformityNormalized	0.3000708881449017
original	glrlm	RunPercentage	0.43294717330861915
original	glrlm	RunVariance	3.804884865994465
original	glrlm	ShortRunEmphasis	0.5487696266609503
original	glrlm	ShortRunHighGrayLevelEmphasis	14.315008398168866
original	glrlm	ShortRunLowGrayLevelEmphasis	0.029601028797918774
original	glszm	GrayLevelNonUniformity	7.0
original	glszm	GrayLevelNonUniformityNormalized	0.16279069767441862
original	glszm	GrayLevelVariance	4.946457544618713
original	glszm	HighGrayLevelZoneEmphasis	34.81395348837209
original	glszm	LargeAreaEmphasis	88491.67441860466
original	glszm	LargeAreaHighGrayLevelEmphasis	1770884.6279069767
original	glszm	LargeAreaLowGrayLevelEmphasis	4663.6497486955595
original	glszm	LowGrayLevelZoneEmphasis	0.07841004338858712
original	glszm	SizeZoneNonUniformity	4.069767441860465
original	glszm	SizeZoneNonUniformityNormalized	0.09464575446187128
original	glszm	SmallAreaEmphasis	0.27529478369984345
original	glszm	SmallAreaHighGrayLevelEmphasis	9.309972906454625
original	glszm	SmallAreaLowGrayLevelEmphasis	0.036738903043270085
original	glszm	ZoneEntropy	5.129639463954098
original	glszm	ZonePercentage	0.012951807228915663
original	glszm	ZoneVariance	82530.39805300163
original	ngtdm	Busyness	4.317816857412136
original	ngtdm	Coarseness	0.0035844144958431723
original	ngtdm	Complexity	13.141542721191392
original	ngtdm	Contrast	0.00550681752194449
original	ngtdm	Strength	0.2120208062526948
