Image type	Feature Class	Feature Name	Segmentation_9_segment_tumora
diagnostics	Versions	PyRadiomics	v3.0.1.post15+g2791e23
diagnostics	Versions	Numpy	1.22.1
diagnostics	Versions	SimpleITK	2.2.0rc2.post15
diagnostics	Versions	PyWavelet	1.3.0
diagnostics	Versions	Python	3.9.10
diagnostics	Configuration	Settings	{'minimumROIDimensions': 2, 'minimumROISize': None, 'normalize': False, 'normalizeScale': 1, 'removeOutliers': None, 'resampledPixelSpacing': None, 'interpolator': 'sitkBSpline', 'preCrop': False, 'padDistance': 5, 'distances': [1], 'force2D': False, 'force2Ddimension': 0, 'resegmentRange': None, 'label': 1, 'additionalInfo': True, 'binWidth': 8.0, 'symmetricalGLCM': True, 'correctMask': True}
diagnostics	Configuration	EnabledImageTypes	{'Original': {}}
diagnostics	Image-original	Hash	edc6043d0d835232e54fb4e4d426e89e7c1a2aff
diagnostics	Image-original	Dimensionality	3D
diagnostics	Image-original	Spacing	(0.3125000000000005, 0.31250000000000083, 0.31250000000000017)
diagnostics	Image-original	Size	(41, 42, 50)
diagnostics	Image-original	Mean	46.890116144018585
diagnostics	Image-original	Minimum	0.0
diagnostics	Image-original	Maximum	193.0
diagnostics	Mask-original	Hash	eb3b7a32e2f83142a2a7d0007ee0e5614302c1b7
diagnostics	Mask-original	Spacing	(0.3125000000000005, 0.31250000000000083, 0.31250000000000017)
diagnostics	Mask-original	Size	(41, 42, 50)
diagnostics	Mask-original	BoundingBox	(5, 3, 6, 32, 35, 25)
diagnostics	Mask-original	VoxelNum	13413
diagnostics	Mask-original	VolumeNum	1
diagnostics	Mask-original	CenterOfMassIndex	(19.45865950943115, 22.02519943338552, 17.558040706777007)
diagnostics	Mask-original	CenterOfMass	(23.327903132628542, 31.34438935017496, -146.91484808835088)
original	shape	Elongation	0.7042075431349428
original	shape	Flatness	0.6162774010109549
original	shape	LeastAxisLength	7.047997440913834
original	shape	MajorAxisLength	11.436404173432525
original	shape	Maximum2DDiameterColumn	11.763456390449209
original	shape	Maximum2DDiameterRow	13.261934483701868
original	shape	Maximum2DDiameterSlice	11.219576919385181
original	shape	Maximum3DDiameter	13.495514301055767
original	shape	MeshVolume	408.28831990559956
original	shape	MinorAxisLength	8.053602085271125
original	shape	Sphericity	0.7533952851929298
original	shape	SurfaceArea	353.2692723736503
original	shape	SurfaceVolumeRatio	0.8652446204077789
original	shape	VoxelVolume	409.33227539062693
original	firstorder	10Percentile	40.0
original	firstorder	90Percentile	57.0
original	firstorder	Energy	32270321.0
original	firstorder	Entropy	1.9343146641935245
original	firstorder	InterquartileRange	8.0
original	firstorder	Kurtosis	5.87494398290699
original	firstorder	Maximum	96.0
original	firstorder	MeanAbsoluteDeviation	5.359259135677968
original	firstorder	Mean	48.503914113173785
original	firstorder	Median	48.0
original	firstorder	Minimum	12.0
original	firstorder	Range	84.0
original	firstorder	RobustMeanAbsoluteDeviation	3.619953369819106
original	firstorder	RootMeanSquared	49.04996258402013
original	firstorder	Skewness	0.5586557031840027
original	firstorder	TotalEnergy	984812.0422363328
original	firstorder	Uniformity	0.3250866777779774
original	firstorder	Variance	53.26914519563546
original	glcm	Autocorrelation	32.56745776965023
original	glcm	ClusterProminence	51.95142390067702
original	glcm	ClusterShade	2.642582969290957
original	glcm	ClusterTendency	3.165793301613321
original	glcm	Contrast	0.3356752342019335
original	glcm	Correlation	0.8080149293992084
original	glcm	DifferenceAverage	0.31190025574452956
original	glcm	DifferenceEntropy	0.9338174074217581
original	glcm	DifferenceVariance	0.23314628914785201
original	glcm	Id	0.8478998918697128
original	glcm	Idm	0.846426446762687
original	glcm	Idmn	0.9976923639354348
original	glcm	Idn	0.9761373076741523
original	glcm	Imc1	-0.40131442489454056
original	glcm	Imc2	0.8767764327047641
original	glcm	InverseVariance	0.29215293523546493
original	glcm	JointAverage	5.6444553658234105
original	glcm	JointEnergy	0.19367170067117884
original	glcm	JointEntropy	3.0395694525445336
original	glcm	MCC	0.815653468998694
original	glcm	MaximumProbability	0.30763744313890545
original	glcm	SumAverage	11.288910731646826
original	glcm	SumEntropy	2.6728913677661015
original	glcm	SumSquares	0.8753671339538139
original	gldm	DependenceEntropy	6.242412372048049
original	gldm	DependenceNonUniformity	660.4338328487288
original	gldm	DependenceNonUniformityNormalized	0.04923833839176387
original	gldm	DependenceVariance	37.106298322010446
original	gldm	GrayLevelNonUniformity	4360.38760903601
original	gldm	GrayLevelVariance	0.9221970744484105
original	gldm	HighGrayLevelEmphasis	32.64832625065235
original	gldm	LargeDependenceEmphasis	345.4198911503765
original	gldm	LargeDependenceHighGrayLevelEmphasis	11133.241183926042
original	gldm	LargeDependenceLowGrayLevelEmphasis	11.563303250191188
original	gldm	LowGrayLevelEmphasis	0.03491446938898275
original	gldm	SmallDependenceEmphasis	0.006444717494468456
original	gldm	SmallDependenceHighGrayLevelEmphasis	0.23312507132426027
original	gldm	SmallDependenceLowGrayLevelEmphasis	0.0002610220503026419
original	glrlm	GrayLevelNonUniformity	1309.915267896482
original	glrlm	GrayLevelNonUniformityNormalized	0.2676933809655812
original	glrlm	GrayLevelVariance	1.3587799995212488
original	glrlm	HighGrayLevelRunEmphasis	33.226032643849436
original	glrlm	LongRunEmphasis	15.551515696286327
original	glrlm	LongRunHighGrayLevelEmphasis	499.7821359085891
original	glrlm	LongRunLowGrayLevelEmphasis	0.52474214038202
original	glrlm	LowGrayLevelRunEmphasis	0.036704982029061854
original	glrlm	RunEntropy	4.738591817830945
original	glrlm	RunLengthNonUniformity	1176.2712537311027
original	glrlm	RunLengthNonUniformityNormalized	0.23057195620753387
original	glrlm	RunPercentage	0.3631207382046121
original	glrlm	RunVariance	6.304350854373545
original	glrlm	ShortRunEmphasis	0.44712939266057966
original	glrlm	ShortRunHighGrayLevelEmphasis	15.203390672261504
original	glrlm	ShortRunLowGrayLevelEmphasis	0.017341273090015846
original	glszm	GrayLevelNonUniformity	6.826086956521739
original	glszm	GrayLevelNonUniformityNormalized	0.14839319470699433
original	glszm	GrayLevelVariance	6.412570888468808
original	glszm	HighGrayLevelZoneEmphasis	42.67391304347826
original	glszm	LargeAreaEmphasis	1237346.3695652173
original	glszm	LargeAreaHighGrayLevelEmphasis	38862005.86956522
original	glszm	LargeAreaLowGrayLevelEmphasis	40974.80109461166
original	glszm	LowGrayLevelZoneEmphasis	0.06557101382394297
original	glszm	SizeZoneNonUniformity	2.0434782608695654
original	glszm	SizeZoneNonUniformityNormalized	0.0444234404536862
original	glszm	SmallAreaEmphasis	0.10605812787855838
original	glszm	SmallAreaHighGrayLevelEmphasis	6.695515658829725
original	glszm	SmallAreaLowGrayLevelEmphasis	0.006088453762273629
original	glszm	ZoneEntropy	5.306170651709174
original	glszm	ZonePercentage	0.003429508685603519
original	glszm	ZoneVariance	1152323.4163516068
original	ngtdm	Busyness	9.458578912162137
original	ngtdm	Coarseness	0.0010385865144046035
original	ngtdm	Complexity	17.077525002318858
original	ngtdm	Contrast	0.0034753589594441426
original	ngtdm	Strength	0.0977743655236301
