Image type	Feature Class	Feature Name	Segmentation_9_1_segment_tumora
diagnostics	Versions	PyRadiomics	v3.0.1.post15+g2791e23
diagnostics	Versions	Numpy	1.22.1
diagnostics	Versions	SimpleITK	2.2.0rc2.post15
diagnostics	Versions	PyWavelet	1.3.0
diagnostics	Versions	Python	3.9.10
diagnostics	Configuration	Settings	{'minimumROIDimensions': 2, 'minimumROISize': None, 'normalize': False, 'normalizeScale': 1, 'removeOutliers': None, 'resampledPixelSpacing': None, 'interpolator': 'sitkBSpline', 'preCrop': False, 'padDistance': 5, 'distances': [1], 'force2D': False, 'force2Ddimension': 0, 'resegmentRange': None, 'label': 1, 'additionalInfo': True, 'binWidth': 8.0, 'symmetricalGLCM': True, 'correctMask': True}
diagnostics	Configuration	EnabledImageTypes	{'Original': {}}
diagnostics	Image-original	Hash	4eb2d4f44690baa49515aa348f09a75d2e71770a
diagnostics	Image-original	Dimensionality	3D
diagnostics	Image-original	Spacing	(0.3125000000000005, 0.31250000000000083, 0.31250000000000017)
diagnostics	Image-original	Size	(40, 42, 50)
diagnostics	Image-original	Mean	50.92319047619048
diagnostics	Image-original	Minimum	0.0
diagnostics	Image-original	Maximum	192.0
diagnostics	Mask-original	Hash	7aa51291fe4c08a4a6b39f6068b85305d99aa5cf
diagnostics	Mask-original	Spacing	(0.3125000000000005, 0.31250000000000083, 0.31250000000000017)
diagnostics	Mask-original	Size	(40, 42, 50)
diagnostics	Mask-original	BoundingBox	(4, 4, 4, 32, 34, 28)
diagnostics	Mask-original	VoxelNum	12282
diagnostics	Mask-original	VolumeNum	1
diagnostics	Mask-original	CenterOfMassIndex	(18.225777560657875, 18.86638983878847, 19.7450740921674)
diagnostics	Mask-original	CenterOfMass	(14.221696146193512, 34.38444597948304, -158.29739267454752)
original	shape	Elongation	0.801480732475484
original	shape	Flatness	0.48223680360021154
original	shape	LeastAxisLength	5.641205690511852
original	shape	MajorAxisLength	11.697999091725436
original	shape	Maximum2DDiameterColumn	11.940608234089263
original	shape	Maximum2DDiameterRow	11.08384240685514
original	shape	Maximum2DDiameterSlice	13.324378503329932
original	shape	Maximum3DDiameter	14.354605097319844
original	shape	MeshVolume	373.45377604166794
original	shape	MinorAxisLength	9.375720880533649
original	shape	Sphericity	0.6790328850695226
original	shape	SurfaceArea	369.3328073165993
original	shape	SurfaceVolumeRatio	0.9889652508839305
original	shape	VoxelVolume	374.81689453125176
original	firstorder	10Percentile	37.0
original	firstorder	90Percentile	62.0
original	firstorder	Energy	30492658.0
original	firstorder	Entropy	2.359017873820648
original	firstorder	InterquartileRange	12.0
original	firstorder	Kurtosis	4.429973100296265
original	firstorder	Maximum	95.0
original	firstorder	MeanAbsoluteDeviation	8.007583657786785
original	firstorder	Mean	48.73896759485426
original	firstorder	Median	47.0
original	firstorder	Minimum	23.0
original	firstorder	Range	72.0
original	firstorder	RobustMeanAbsoluteDeviation	5.584997266125639
original	firstorder	RootMeanSquared	49.82681127633101
original	firstorder	Skewness	0.9679477712519926
original	firstorder	TotalEnergy	930562.0727539107
original	firstorder	Uniformity	0.23759847725442282
original	firstorder	Variance	107.22415975485286
original	glcm	Autocorrelation	22.981638243483477
original	glcm	ClusterProminence	161.92628887505103
original	glcm	ClusterShade	13.998518844555718
original	glcm	ClusterTendency	6.1637752997521185
original	glcm	Contrast	0.5047157723211279
original	glcm	Correlation	0.8484497543655809
original	glcm	DifferenceAverage	0.4276000749913186
original	glcm	DifferenceEntropy	1.114900377612375
original	glcm	DifferenceVariance	0.31120362782515787
original	glcm	Id	0.7982744285704708
original	glcm	Idm	0.7938850677601565
original	glcm	Idmn	0.9950572403033864
original	glcm	Idn	0.9617002554341793
original	glcm	Imc1	-0.3925209793816482
original	glcm	Imc2	0.9074323016505522
original	glcm	InverseVariance	0.3672868808103146
original	glcm	JointAverage	4.64400510583311
original	glcm	JointEnergy	0.11701500912733831
original	glcm	JointEntropy	3.7379347293657292
original	glcm	MCC	0.8563778373331927
original	glcm	MaximumProbability	0.2441802509031064
original	glcm	SumAverage	9.288010211666217
original	glcm	SumEntropy	3.1843031710400926
original	glcm	SumSquares	1.667122768018312
original	gldm	DependenceEntropy	6.777294290148758
original	gldm	DependenceNonUniformity	561.5038267383162
original	gldm	DependenceNonUniformityNormalized	0.04571762145728027
original	gldm	DependenceVariance	36.313026205189814
original	gldm	GrayLevelNonUniformity	2918.184497638821
original	gldm	GrayLevelVariance	1.7531556699598199
original	gldm	HighGrayLevelEmphasis	23.40042338381371
original	gldm	LargeDependenceEmphasis	267.92167399446345
original	gldm	LargeDependenceHighGrayLevelEmphasis	5644.882592411659
original	gldm	LargeDependenceLowGrayLevelEmphasis	15.926580945319532
original	gldm	LowGrayLevelEmphasis	0.058739170583194646
original	gldm	SmallDependenceEmphasis	0.010344423764185274
original	gldm	SmallDependenceHighGrayLevelEmphasis	0.31881038629076064
original	gldm	SmallDependenceLowGrayLevelEmphasis	0.0006727615304755791
original	glrlm	GrayLevelNonUniformity	1156.9422224777638
original	glrlm	GrayLevelNonUniformityNormalized	0.20726937472794985
original	glrlm	GrayLevelVariance	2.2055832453732545
original	glrlm	HighGrayLevelRunEmphasis	25.38126760899242
original	glrlm	LongRunEmphasis	9.443696909713921
original	glrlm	LongRunHighGrayLevelEmphasis	203.86121495144107
original	glrlm	LongRunLowGrayLevelEmphasis	0.5588615931162907
original	glrlm	LowGrayLevelRunEmphasis	0.05822672497314872
original	glrlm	RunEntropy	4.680639625106219
original	glrlm	RunLengthNonUniformity	1786.9257269636478
original	glrlm	RunLengthNonUniformityNormalized	0.3066173629013233
original	glrlm	RunPercentage	0.4531271529317451
original	glrlm	RunVariance	3.560460592768026
original	glrlm	ShortRunEmphasis	0.5432430087150593
original	glrlm	ShortRunHighGrayLevelEmphasis	14.856962679547307
original	glrlm	ShortRunLowGrayLevelEmphasis	0.03130144220860391
original	glszm	GrayLevelNonUniformity	8.076923076923077
original	glszm	GrayLevelNonUniformityNormalized	0.1242603550295858
original	glszm	GrayLevelVariance	7.125207100591716
original	glszm	HighGrayLevelZoneEmphasis	38.83076923076923
original	glszm	LargeAreaEmphasis	521618.4
original	glszm	LargeAreaHighGrayLevelEmphasis	10223572.953846155
original	glszm	LargeAreaLowGrayLevelEmphasis	29767.173358574626
original	glszm	LowGrayLevelZoneEmphasis	0.09878075517956471
original	glszm	SizeZoneNonUniformity	3.830769230769231
original	glszm	SizeZoneNonUniformityNormalized	0.05893491124260355
original	glszm	SmallAreaEmphasis	0.1921397401654197
original	glszm	SmallAreaHighGrayLevelEmphasis	8.536244277467295
original	glszm	SmallAreaLowGrayLevelEmphasis	0.021500524751445697
original	glszm	ZoneEntropy	5.733831082225922
original	glszm	ZonePercentage	0.005292297671389025
original	glszm	ZoneVariance	485914.84402366873
original	ngtdm	Busyness	14.336395955974245
original	ngtdm	Coarseness	0.0013008932811949534
original	ngtdm	Complexity	13.115211859703779
original	ngtdm	Contrast	0.011582384792265381
original	ngtdm	Strength	0.05872347006030112
