Image type	Feature Class	Feature Name	Segmentation_1_segment_tumora
diagnostics	Versions	PyRadiomics	v3.0.1.post15+g2791e23
diagnostics	Versions	Numpy	1.22.1
diagnostics	Versions	SimpleITK	2.2.0rc2.post15
diagnostics	Versions	PyWavelet	1.3.0
diagnostics	Versions	Python	3.9.10
diagnostics	Configuration	Settings	{'minimumROIDimensions': 2, 'minimumROISize': None, 'normalize': False, 'normalizeScale': 1, 'removeOutliers': None, 'resampledPixelSpacing': None, 'interpolator': 'sitkBSpline', 'preCrop': False, 'padDistance': 5, 'distances': [1], 'force2D': False, 'force2Ddimension': 0, 'resegmentRange': None, 'label': 1, 'additionalInfo': True, 'binWidth': 8.0, 'symmetricalGLCM': True, 'correctMask': True}
diagnostics	Configuration	EnabledImageTypes	{'Original': {}}
diagnostics	Image-original	Hash	9d1f4e71235d8bf3cf7cd58c664d91045a41dae1
diagnostics	Image-original	Dimensionality	3D
diagnostics	Image-original	Spacing	(0.37499999999999994, 0.3749999999999996, 0.37499999999999994)
diagnostics	Image-original	Size	(51, 61, 42)
diagnostics	Image-original	Mean	56.40038419739481
diagnostics	Image-original	Minimum	0.0
diagnostics	Image-original	Maximum	171.0
diagnostics	Mask-original	Hash	312027898e92accfc61704280bb4ab886b6a5242
diagnostics	Mask-original	Spacing	(0.37499999999999994, 0.3749999999999996, 0.37499999999999994)
diagnostics	Mask-original	Size	(51, 61, 42)
diagnostics	Mask-original	BoundingBox	(11, 5, 7, 34, 49, 21)
diagnostics	Mask-original	VoxelNum	21886
diagnostics	Mask-original	VolumeNum	1
diagnostics	Mask-original	CenterOfMassIndex	(26.49652746047702, 28.165813762222424, 17.454856986201225)
diagnostics	Mask-original	CenterOfMass	(-18.815608805995275, 48.28467148844374, -75.122399441407)
original	shape	Elongation	0.6881402591243502
original	shape	Flatness	0.4966024026862456
original	shape	LeastAxisLength	8.644022277980051
original	shape	MajorAxisLength	17.40632391471002
original	shape	Maximum2DDiameterColumn	14.792312192487014
original	shape	Maximum2DDiameterRow	18.809904305976662
original	shape	Maximum2DDiameterSlice	19.708025015206353
original	shape	Maximum3DDiameter	20.40220576310315
original	shape	MeshVolume	1151.4726562499993
original	shape	MinorAxisLength	11.977992249070924
original	shape	Sphericity	0.7353916530738538
original	shape	SurfaceArea	722.4389973235774
original	shape	SurfaceVolumeRatio	0.62740438811317
original	shape	VoxelVolume	1154.1445312499986
original	firstorder	10Percentile	49.0
original	firstorder	90Percentile	73.0
original	firstorder	Energy	83563543.0
original	firstorder	Entropy	2.3937129681840426
original	firstorder	InterquartileRange	12.0
original	firstorder	Kurtosis	4.691330023894387
original	firstorder	Maximum	123.0
original	firstorder	MeanAbsoluteDeviation	7.775580337877525
original	firstorder	Mean	60.92693959608882
original	firstorder	Median	60.0
original	firstorder	Minimum	30.0
original	firstorder	Range	93.0
original	firstorder	RobustMeanAbsoluteDeviation	5.129449743872651
original	firstorder	RootMeanSquared	61.79100021208662
original	firstorder	Skewness	0.7069189483599362
original	firstorder	TotalEnergy	4406671.212890619
original	firstorder	Uniformity	0.23291928536437004
original	firstorder	Variance	106.03573866463248
original	glcm	Autocorrelation	27.660331229831364
original	glcm	ClusterProminence	156.33778084661242
original	glcm	ClusterShade	8.238872551897522
original	glcm	ClusterTendency	5.995918607769539
original	glcm	Contrast	0.4287056252608634
original	glcm	Correlation	0.8657547103924939
original	glcm	DifferenceAverage	0.36008004307148805
original	glcm	DifferenceEntropy	1.0407635297311635
original	glcm	DifferenceVariance	0.29319309081708034
original	glcm	Id	0.8299724458171112
original	glcm	Idm	0.8267155017887539
original	glcm	Idmn	0.9975000116801932
original	glcm	Idn	0.9745957996237794
original	glcm	Imc1	-0.44771145993621125
original	glcm	Imc2	0.9320496555448312
original	glcm	InverseVariance	0.31274216473070826
original	glcm	JointAverage	5.125250802997265
original	glcm	JointEnergy	0.1294149742836657
original	glcm	JointEntropy	3.6379056500515876
original	glcm	MCC	0.8704843267194062
original	glcm	MaximumProbability	0.25877907837205255
original	glcm	SumAverage	10.250501605994533
original	glcm	SumEntropy	3.1708890743974107
original	glcm	SumSquares	1.6061560582576
original	gldm	DependenceEntropy	6.738008568893916
original	gldm	DependenceNonUniformity	1025.0975966371195
original	gldm	DependenceNonUniformityNormalized	0.04683805156890796
original	gldm	DependenceVariance	38.30976656897448
original	gldm	GrayLevelNonUniformity	5097.671479484602
original	gldm	GrayLevelVariance	1.735260563095473
original	gldm	HighGrayLevelEmphasis	28.60152608973773
original	gldm	LargeDependenceEmphasis	328.24262085351364
original	gldm	LargeDependenceHighGrayLevelEmphasis	8410.692451795669
original	gldm	LargeDependenceLowGrayLevelEmphasis	15.69968046511412
original	gldm	LowGrayLevelEmphasis	0.04606055622321686
original	gldm	SmallDependenceEmphasis	0.007672520842471953
original	gldm	SmallDependenceHighGrayLevelEmphasis	0.30916530680970206
original	gldm	SmallDependenceLowGrayLevelEmphasis	0.00032297748486412797
original	glrlm	GrayLevelNonUniformity	1660.1849661515907
original	glrlm	GrayLevelNonUniformityNormalized	0.197476314998716
original	glrlm	GrayLevelVariance	2.315059566660952
original	glrlm	HighGrayLevelRunEmphasis	31.990782210075228
original	glrlm	LongRunEmphasis	13.1003804432148
original	glrlm	LongRunHighGrayLevelEmphasis	343.8990758164177
original	glrlm	LongRunLowGrayLevelEmphasis	0.6120885430562746
original	glrlm	LowGrayLevelRunEmphasis	0.04400756696594143
original	glrlm	RunEntropy	5.020006957509659
original	glrlm	RunLengthNonUniformity	2198.001491291417
original	glrlm	RunLengthNonUniformityNormalized	0.2520213781927492
original	glrlm	RunPercentage	0.3835609697804709
original	glrlm	RunVariance	5.483101739177626
original	glrlm	ShortRunEmphasis	0.4837423755202622
original	glrlm	ShortRunHighGrayLevelEmphasis	17.47768562040273
original	glrlm	ShortRunLowGrayLevelEmphasis	0.01978662616586471
original	glszm	GrayLevelNonUniformity	8.17142857142857
original	glszm	GrayLevelNonUniformityNormalized	0.11673469387755102
original	glszm	GrayLevelVariance	8.534897959183674
original	glszm	HighGrayLevelZoneEmphasis	53.042857142857144
original	glszm	LargeAreaEmphasis	1382240.3142857142
original	glszm	LargeAreaHighGrayLevelEmphasis	37829302.81428572
original	glszm	LargeAreaLowGrayLevelEmphasis	54411.92694815009
original	glszm	LowGrayLevelZoneEmphasis	0.06548205122117222
original	glszm	SizeZoneNonUniformity	3.4
original	glszm	SizeZoneNonUniformityNormalized	0.04857142857142857
original	glszm	SmallAreaEmphasis	0.17526799008289554
original	glszm	SmallAreaHighGrayLevelEmphasis	9.443859241667592
original	glszm	SmallAreaLowGrayLevelEmphasis	0.010139351873728317
original	glszm	ZoneEntropy	5.957854445516375
original	glszm	ZonePercentage	0.003198391665905145
original	glszm	ZoneVariance	1284485.8253061227
original	ngtdm	Busyness	13.093648803739038
original	ngtdm	Coarseness	0.0008279707454156604
original	ngtdm	Complexity	21.804392708613847
original	ngtdm	Contrast	0.005923396780046057
original	ngtdm	Strength	0.08493306848072037
