Image type	Feature Class	Feature Name	Segmentation_18_segment_nodul
diagnostics	Versions	PyRadiomics	v3.0.1.post15+g2791e23
diagnostics	Versions	Numpy	1.22.1
diagnostics	Versions	SimpleITK	2.2.0rc2.post15
diagnostics	Versions	PyWavelet	1.3.0
diagnostics	Versions	Python	3.9.10
diagnostics	Configuration	Settings	{'minimumROIDimensions': 2, 'minimumROISize': None, 'normalize': False, 'normalizeScale': 1, 'removeOutliers': None, 'resampledPixelSpacing': None, 'interpolator': 'sitkBSpline', 'preCrop': False, 'padDistance': 5, 'distances': [1], 'force2D': False, 'force2Ddimension': 0, 'resegmentRange': None, 'label': 1, 'additionalInfo': True, 'binWidth': 8.0, 'symmetricalGLCM': True, 'correctMask': True}
diagnostics	Configuration	EnabledImageTypes	{'Original': {}}
diagnostics	Image-original	Hash	638ce852b08ba10a81d98de38866612f9ecbb608
diagnostics	Image-original	Dimensionality	3D
diagnostics	Image-original	Spacing	(0.3906250000000001, 0.39062500000000006, 0.3906250000000002)
diagnostics	Image-original	Size	(21, 25, 40)
diagnostics	Image-original	Mean	64.70633333333333
diagnostics	Image-original	Minimum	0.0
diagnostics	Image-original	Maximum	147.0
diagnostics	Mask-original	Hash	44f5eee8b0beed976b57714105aca398f990874a
diagnostics	Mask-original	Spacing	(0.3906250000000001, 0.39062500000000006, 0.3906250000000002)
diagnostics	Mask-original	Size	(21, 25, 40)
diagnostics	Mask-original	BoundingBox	(2, 1, 5, 18, 23, 20)
diagnostics	Mask-original	VoxelNum	3040
diagnostics	Mask-original	VolumeNum	1
diagnostics	Mask-original	CenterOfMassIndex	(9.634868421052632, 12.203947368421053, 11.835526315789474)
diagnostics	Mask-original	CenterOfMass	(-1.3974441643517115, 37.04260385254257, -59.34545719320326)
original	shape	Elongation	0.530821161931252
original	shape	Flatness	0.4585369514183564
original	shape	LeastAxisLength	5.196160910917544
original	shape	MajorAxisLength	11.332044003966676
original	shape	Maximum2DDiameterColumn	10.004881620988831
original	shape	Maximum2DDiameterRow	10.775870487604475
original	shape	Maximum2DDiameterSlice	9.78903444229818
original	shape	Maximum3DDiameter	12.560886867823072
original	shape	MeshVolume	179.6310146649679
original	shape	MinorAxisLength	6.0152887652416664
original	shape	Sphericity	0.6827131124519694
original	shape	SurfaceArea	225.51049713738843
original	shape	SurfaceVolumeRatio	1.2554095825712
original	shape	VoxelVolume	181.1981201171877
original	firstorder	10Percentile	60.0
original	firstorder	90Percentile	74.0
original	firstorder	Energy	13750075.0
original	firstorder	Entropy	1.6251117409299904
original	firstorder	InterquartileRange	7.0
original	firstorder	Kurtosis	4.5308405769210935
original	firstorder	Maximum	95.0
original	firstorder	MeanAbsoluteDeviation	4.329027441135735
original	firstorder	Mean	67.00296052631579
original	firstorder	Median	67.0
original	firstorder	Minimum	50.0
original	firstorder	Range	45.0
original	firstorder	RobustMeanAbsoluteDeviation	2.9651696317450056
original	firstorder	RootMeanSquared	67.2536317743667
original	firstorder	Skewness	0.618391381899242
original	firstorder	TotalEnergy	819568.3360099801
original	firstorder	Uniformity	0.4040940962603878
original	firstorder	Variance	33.65426755107341
original	glcm	Autocorrelation	8.996254003255503
original	glcm	ClusterProminence	15.21132666764093
original	glcm	ClusterShade	1.4383140964993006
original	glcm	ClusterTendency	1.8843224551000617
original	glcm	Contrast	0.3287883316956062
original	glcm	Correlation	0.7023359322093673
original	glcm	DifferenceAverage	0.3055782330449351
original	glcm	DifferenceEntropy	0.9285646731435927
original	glcm	DifferenceVariance	0.23185662412371497
original	glcm	Id	0.8508828895881341
original	glcm	Idm	0.8495318933425995
original	glcm	Idmn	0.9912227823070978
original	glcm	Idn	0.9567510830568898
original	glcm	Imc1	-0.31400510037722634
original	glcm	Imc2	0.7824087039064005
original	glcm	InverseVariance	0.2871237535570834
original	glcm	JointAverage	2.9337662643819447
original	glcm	JointEnergy	0.25785065189644196
original	glcm	JointEntropy	2.659722075308999
original	glcm	MCC	0.7082251299016616
original	glcm	MaximumProbability	0.45702464703456225
original	glcm	SumAverage	5.867532528763889
original	glcm	SumEntropy	2.301643232553837
original	glcm	SumSquares	0.5532776966989169
original	gldm	DependenceEntropy	5.9292944668829
original	gldm	DependenceNonUniformity	141.69276315789475
original	gldm	DependenceNonUniformityNormalized	0.04660946156509695
original	gldm	DependenceVariance	39.577832409972295
original	gldm	GrayLevelNonUniformity	1228.446052631579
original	gldm	GrayLevelVariance	0.5912646078601108
original	gldm	HighGrayLevelEmphasis	9.195065789473684
original	gldm	LargeDependenceEmphasis	307.15855263157897
original	gldm	LargeDependenceHighGrayLevelEmphasis	2635.210197368421
original	gldm	LargeDependenceLowGrayLevelEmphasis	42.58658762792398
original	gldm	LowGrayLevelEmphasis	0.14940506213450294
original	gldm	SmallDependenceEmphasis	0.010879289143546326
original	gldm	SmallDependenceHighGrayLevelEmphasis	0.1282306626154589
original	gldm	SmallDependenceLowGrayLevelEmphasis	0.0024048118953931136
original	glrlm	GrayLevelNonUniformity	397.1591095042578
original	glrlm	GrayLevelNonUniformityNormalized	0.3178017639742421
original	glrlm	GrayLevelVariance	0.8541218121252256
original	glrlm	HighGrayLevelRunEmphasis	9.872191034287612
original	glrlm	LongRunEmphasis	10.768290617697456
original	glrlm	LongRunHighGrayLevelEmphasis	94.30501846753924
original	glrlm	LongRunLowGrayLevelEmphasis	1.5067548788027572
original	glrlm	LowGrayLevelRunEmphasis	0.1602626641085458
original	glrlm	RunEntropy	4.135466825795623
original	glrlm	RunLengthNonUniformity	339.1984152362025
original	glrlm	RunLengthNonUniformityNormalized	0.26138946747747194
original	glrlm	RunPercentage	0.4093117408906882
original	glrlm	RunVariance	3.900057418570007
original	glrlm	ShortRunEmphasis	0.4903011050077827
original	glrlm	ShortRunHighGrayLevelEmphasis	5.251781511042818
original	glrlm	ShortRunLowGrayLevelEmphasis	0.08498965880422828
original	glszm	GrayLevelNonUniformity	6.931034482758621
original	glszm	GrayLevelNonUniformityNormalized	0.2390011890606421
original	glszm	GrayLevelVariance	2.6634958382877527
original	glszm	HighGrayLevelZoneEmphasis	15.03448275862069
original	glszm	LargeAreaEmphasis	125672.62068965517
original	glszm	LargeAreaHighGrayLevelEmphasis	1062785.2068965517
original	glszm	LargeAreaLowGrayLevelEmphasis	16422.76698275862
original	glszm	LowGrayLevelZoneEmphasis	0.2700670498084291
original	glszm	SizeZoneNonUniformity	2.8620689655172415
original	glszm	SizeZoneNonUniformityNormalized	0.09869203329369798
original	glszm	SmallAreaEmphasis	0.2786808400338923
original	glszm	SmallAreaHighGrayLevelEmphasis	4.186154313647682
original	glszm	SmallAreaLowGrayLevelEmphasis	0.08751170375260316
original	glszm	ZoneEntropy	4.418157288156411
original	glszm	ZonePercentage	0.009539473684210526
original	glszm	ZoneVariance	114683.79785969085
original	ngtdm	Busyness	12.003480096638821
original	ngtdm	Coarseness	0.004003349339680269
original	ngtdm	Complexity	3.9002954090496784
original	ngtdm	Contrast	0.010034786594575797
original	ngtdm	Strength	0.05937374127857136
