Image type	Feature Class	Feature Name	Segmentation_segment_tumora
diagnostics	Versions	PyRadiomics	v3.0.1.post15+g2791e23
diagnostics	Versions	Numpy	1.22.1
diagnostics	Versions	SimpleITK	2.2.0rc2.post15
diagnostics	Versions	PyWavelet	1.3.0
diagnostics	Versions	Python	3.9.10
diagnostics	Configuration	Settings	{'minimumROIDimensions': 2, 'minimumROISize': None, 'normalize': False, 'normalizeScale': 1, 'removeOutliers': None, 'resampledPixelSpacing': None, 'interpolator': 'sitkBSpline', 'preCrop': False, 'padDistance': 5, 'distances': [1], 'force2D': False, 'force2Ddimension': 0, 'resegmentRange': None, 'label': 1, 'additionalInfo': True, 'binWidth': 8.0, 'symmetricalGLCM': True, 'correctMask': True}
diagnostics	Configuration	EnabledImageTypes	{'Original': {}}
diagnostics	Image-original	Hash	337b7717bb93a321e117da0a10f347446dafd0a9
diagnostics	Image-original	Dimensionality	3D
diagnostics	Image-original	Spacing	(0.34375, 0.34375000000000006, 0.39062499999999983)
diagnostics	Image-original	Size	(66, 55, 54)
diagnostics	Image-original	Mean	64.40946842158964
diagnostics	Image-original	Minimum	0.0
diagnostics	Image-original	Maximum	215.0
diagnostics	Mask-original	Hash	d022a8faeace081eed6a2d1c48fcb7936dbb1f46
diagnostics	Mask-original	Spacing	(0.34375, 0.34375000000000006, 0.39062499999999983)
diagnostics	Mask-original	Size	(66, 55, 54)
diagnostics	Mask-original	BoundingBox	(6, 7, 4, 54, 43, 31)
diagnostics	Mask-original	VoxelNum	19706
diagnostics	Mask-original	VolumeNum	1
diagnostics	Mask-original	CenterOfMassIndex	(34.84121587333807, 27.14386481274739, 20.353902364762)
diagnostics	Mask-original	CenterOfMass	(-10.829789252288855, 55.70001698187091, -22.20313113218145)
original	shape	Elongation	0.5394073528613215
original	shape	Flatness	0.3811981938178996
original	shape	LeastAxisLength	7.49372974896841
original	shape	MajorAxisLength	19.65835586447769
original	shape	Maximum2DDiameterColumn	17.07008902885761
original	shape	Maximum2DDiameterRow	13.689711579321166
original	shape	Maximum2DDiameterSlice	21.645334550717852
original	shape	Maximum3DDiameter	22.60688587715035
original	shape	MeshVolume	907.3476791381823
original	shape	MinorAxisLength	10.603861698463746
original	shape	Sphericity	0.6224461088302442
original	shape	SurfaceArea	728.1678889031297
original	shape	SurfaceVolumeRatio	0.8025235592102452
original	shape	VoxelVolume	909.5863342285154
original	firstorder	10Percentile	32.0
original	firstorder	90Percentile	59.0
original	firstorder	Energy	41827387.0
original	firstorder	Entropy	2.49589662164216
original	firstorder	InterquartileRange	12.0
original	firstorder	Kurtosis	6.418167828981487
original	firstorder	Maximum	125.0
original	firstorder	MeanAbsoluteDeviation	8.476674238062948
original	firstorder	Mean	44.545569877194765
original	firstorder	Median	43.0
original	firstorder	Minimum	0.0
original	firstorder	Range	125.0
original	firstorder	RobustMeanAbsoluteDeviation	5.318003274124561
original	firstorder	RootMeanSquared	46.07137013204519
original	firstorder	Skewness	1.218702353678511
original	firstorder	TotalEnergy	1930661.7076873775
original	firstorder	Uniformity	0.23032987123235668
original	firstorder	Variance	138.26335015986396
original	glcm	Autocorrelation	38.49584046933161
original	glcm	ClusterProminence	300.2899775889352
original	glcm	ClusterShade	20.472215064709324
original	glcm	ClusterTendency	7.316835082161327
original	glcm	Contrast	0.8048628441236427
original	glcm	Correlation	0.8002868432189275
original	glcm	DifferenceAverage	0.5387037241128293
original	glcm	DifferenceEntropy	1.3072825730205366
original	glcm	DifferenceVariance	0.49852014681406
original	glcm	Id	0.7637691539448213
original	glcm	Idm	0.7548065521627763
original	glcm	Idmn	0.9969343212124963
original	glcm	Idn	0.9691206853084698
original	glcm	Imc1	-0.3351373637196613
original	glcm	Imc2	0.8846647823721325
original	glcm	InverseVariance	0.3949370471933022
original	glcm	JointAverage	6.07187177111078
original	glcm	JointEnergy	0.10680901399688662
original	glcm	JointEntropy	4.064084047866354
original	glcm	MCC	0.8129617481426172
original	glcm	MaximumProbability	0.23825516110046496
original	glcm	SumAverage	12.143743542221559
original	glcm	SumEntropy	3.3136483107964585
original	glcm	SumSquares	2.030424481571242
original	gldm	DependenceEntropy	6.860938252267836
original	gldm	DependenceNonUniformity	882.3737947833147
original	gldm	DependenceNonUniformityNormalized	0.04477691032088271
original	gldm	DependenceVariance	37.19770433553486
original	gldm	GrayLevelNonUniformity	4538.880442504821
original	gldm	GrayLevelVariance	2.248787679755081
original	gldm	HighGrayLevelEmphasis	39.82893534963971
original	gldm	LargeDependenceEmphasis	233.7636252917893
original	gldm	LargeDependenceHighGrayLevelEmphasis	8271.649802090733
original	gldm	LargeDependenceLowGrayLevelEmphasis	7.497340693965381
original	gldm	LowGrayLevelEmphasis	0.03204923442391415
original	gldm	SmallDependenceEmphasis	0.01763995889780725
original	gldm	SmallDependenceHighGrayLevelEmphasis	1.18872793777281
original	gldm	SmallDependenceLowGrayLevelEmphasis	0.0004804694327384902
original	glrlm	GrayLevelNonUniformity	1854.7581797489647
original	glrlm	GrayLevelNonUniformityNormalized	0.18764100894639674
original	glrlm	GrayLevelVariance	3.060237466734487
original	glrlm	HighGrayLevelRunEmphasis	43.35579291926838
original	glrlm	LongRunEmphasis	7.7263981234267
original	glrlm	LongRunHighGrayLevelEmphasis	283.99974107530596
original	glrlm	LongRunLowGrayLevelEmphasis	0.24642109961258615
original	glrlm	LowGrayLevelRunEmphasis	0.031875364622045224
original	glrlm	RunEntropy	4.673566143410005
original	glrlm	RunLengthNonUniformity	3667.107033902501
original	glrlm	RunLengthNonUniformityNormalized	0.3586356926563484
original	glrlm	RunPercentage	0.4992231963712731
original	glrlm	RunVariance	3.0102366356409913
original	glrlm	ShortRunEmphasis	0.6009285640045827
original	glrlm	ShortRunHighGrayLevelEmphasis	28.276129021342346
original	glrlm	ShortRunLowGrayLevelEmphasis	0.018899598596875813
original	glszm	GrayLevelNonUniformity	24.93574297188755
original	glszm	GrayLevelNonUniformityNormalized	0.10014354607183755
original	glszm	GrayLevelVariance	9.690263060273221
original	glszm	HighGrayLevelZoneEmphasis	89.03614457831326
original	glszm	LargeAreaEmphasis	334715.6947791165
original	glszm	LargeAreaHighGrayLevelEmphasis	11621903.843373494
original	glszm	LargeAreaLowGrayLevelEmphasis	10170.392814495179
original	glszm	LowGrayLevelZoneEmphasis	0.028447204138188607
original	glszm	SizeZoneNonUniformity	30.044176706827308
original	glszm	SizeZoneNonUniformityNormalized	0.12065934420412575
original	glszm	SmallAreaEmphasis	0.3239383334178881
original	glszm	SmallAreaHighGrayLevelEmphasis	33.72173675789953
original	glszm	SmallAreaLowGrayLevelEmphasis	0.005811511695876529
original	glszm	ZoneEntropy	6.5257264157025
original	glszm	ZonePercentage	0.012635745458236071
original	glszm	ZoneVariance	328452.46618602925
original	ngtdm	Busyness	9.302966122792643
original	ngtdm	Coarseness	0.000765882654102755
original	ngtdm	Complexity	44.248679410883234
original	ngtdm	Contrast	0.006681035469019605
original	ngtdm	Strength	0.13261213093362287
