Image type	Feature Class	Feature Name	Segmentation_3_segment_tumora
diagnostics	Versions	PyRadiomics	v3.0.1.post15+g2791e23
diagnostics	Versions	Numpy	1.22.1
diagnostics	Versions	SimpleITK	2.2.0rc2.post15
diagnostics	Versions	PyWavelet	1.3.0
diagnostics	Versions	Python	3.9.10
diagnostics	Configuration	Settings	{'minimumROIDimensions': 2, 'minimumROISize': None, 'normalize': False, 'normalizeScale': 1, 'removeOutliers': None, 'resampledPixelSpacing': None, 'interpolator': 'sitkBSpline', 'preCrop': False, 'padDistance': 5, 'distances': [1], 'force2D': False, 'force2Ddimension': 0, 'resegmentRange': None, 'label': 1, 'additionalInfo': True, 'binWidth': 8.0, 'symmetricalGLCM': True, 'correctMask': True}
diagnostics	Configuration	EnabledImageTypes	{'Original': {}}
diagnostics	Image-original	Hash	27bcf8ec9c8060ff1fc13514b0fe821328e6d931
diagnostics	Image-original	Dimensionality	3D
diagnostics	Image-original	Spacing	(0.31249999999999917, 0.31249999999999967, 0.3125)
diagnostics	Image-original	Size	(46, 46, 48)
diagnostics	Image-original	Mean	47.558108853182105
diagnostics	Image-original	Minimum	0.0
diagnostics	Image-original	Maximum	130.0
diagnostics	Mask-original	Hash	4abadb57f5b7f401eb77350deb3a00e0a92ccd1b
diagnostics	Mask-original	Spacing	(0.31249999999999917, 0.31249999999999967, 0.3125)
diagnostics	Mask-original	Size	(46, 46, 48)
diagnostics	Mask-original	BoundingBox	(10, 6, 5, 31, 34, 29)
diagnostics	Mask-original	VoxelNum	12247
diagnostics	Mask-original	VolumeNum	1
diagnostics	Mask-original	CenterOfMassIndex	(21.2927247489181, 23.993222830080835, 22.63027680248224)
diagnostics	Mask-original	CenterOfMass	(9.000269655408491, 26.825681024980128, -33.937878948052614)
original	shape	Elongation	0.8465395483390936
original	shape	Flatness	0.6287607898704426
original	shape	LeastAxisLength	6.853626351814063
original	shape	MajorAxisLength	10.900212707643979
original	shape	Maximum2DDiameterColumn	13.05412410887837
original	shape	Maximum2DDiameterRow	12.02211503854458
original	shape	Maximum2DDiameterSlice	12.382257972599318
original	shape	Maximum3DDiameter	14.340992381979687
original	shape	MeshVolume	372.39964803059866
original	shape	MinorAxisLength	9.227461142328982
original	shape	Sphericity	0.6471045215515663
original	shape	SurfaceArea	386.8261850162014
original	shape	SurfaceVolumeRatio	1.0387393947923855
original	shape	VoxelVolume	373.7487792968736
original	firstorder	10Percentile	33.0
original	firstorder	90Percentile	59.0
original	firstorder	Energy	25584457.0
original	firstorder	Entropy	2.377460617123811
original	firstorder	InterquartileRange	13.0
original	firstorder	Kurtosis	3.7176427310397924
original	firstorder	Maximum	86.0
original	firstorder	MeanAbsoluteDeviation	8.124945955206623
original	firstorder	Mean	44.483955254348004
original	firstorder	Median	43.0
original	firstorder	Minimum	19.0
original	firstorder	Range	67.0
original	firstorder	RobustMeanAbsoluteDeviation	5.467774683814376
original	firstorder	RootMeanSquared	45.70600292473544
original	firstorder	Skewness	0.8676548421455638
original	firstorder	TotalEnergy	780775.6652832003
original	firstorder	Uniformity	0.2318710099618033
original	firstorder	Variance	110.21642828508853
original	glcm	Autocorrelation	17.729523451482244
original	glcm	ClusterProminence	136.23812560256525
original	glcm	ClusterShade	12.590483052516074
original	glcm	ClusterTendency	5.985237145573892
original	glcm	Contrast	0.5459085142082863
original	glcm	Correlation	0.8317783878116655
original	glcm	DifferenceAverage	0.46837979502769556
original	glcm	DifferenceEntropy	1.1472432670825952
original	glcm	DifferenceVariance	0.3174396396805364
original	glcm	Id	0.7781718392476225
original	glcm	Idm	0.7735415345974265
original	glcm	Idmn	0.9934204112510768
original	glcm	Idn	0.9538563007892021
original	glcm	Imc1	-0.35900952922057505
original	glcm	Imc2	0.8916074813490658
original	glcm	InverseVariance	0.4056778982730117
original	glcm	JointAverage	4.045871604391232
original	glcm	JointEnergy	0.10835316216032155
original	glcm	JointEntropy	3.7927356769300116
original	glcm	MCC	0.8453113542379875
original	glcm	MaximumProbability	0.20181784090219848
original	glcm	SumAverage	8.091743208782464
original	glcm	SumEntropy	3.1895587250758135
original	glcm	SumSquares	1.6327864149455444
original	gldm	DependenceEntropy	6.6656657021436665
original	gldm	DependenceNonUniformity	619.2171960480117
original	gldm	DependenceNonUniformityNormalized	0.05056072475283839
original	gldm	DependenceVariance	29.955097536513495
original	gldm	GrayLevelNonUniformity	2839.7242590022047
original	gldm	GrayLevelVariance	1.7971499098310595
original	gldm	HighGrayLevelEmphasis	18.782558994039356
original	gldm	LargeDependenceEmphasis	231.58953213031762
original	gldm	LargeDependenceHighGrayLevelEmphasis	3683.9057728423286
original	gldm	LargeDependenceLowGrayLevelEmphasis	19.818489532586515
original	gldm	LowGrayLevelEmphasis	0.08151485827494674
original	gldm	SmallDependenceEmphasis	0.010836567329254016
original	gldm	SmallDependenceHighGrayLevelEmphasis	0.2813319720663162
original	gldm	SmallDependenceLowGrayLevelEmphasis	0.0009339364059761778
original	glrlm	GrayLevelNonUniformity	1230.6470217617623
original	glrlm	GrayLevelNonUniformityNormalized	0.20378980932101348
original	glrlm	GrayLevelVariance	2.118828176201
original	glrlm	HighGrayLevelRunEmphasis	20.75802434596846
original	glrlm	LongRunEmphasis	7.373893396275391
original	glrlm	LongRunHighGrayLevelEmphasis	122.95601788349511
original	glrlm	LongRunLowGrayLevelEmphasis	0.6188079333403642
original	glrlm	LowGrayLevelRunEmphasis	0.07883088288665387
original	glrlm	RunEntropy	4.494557204396189
original	glrlm	RunLengthNonUniformity	2107.9311599008975
original	glrlm	RunLengthNonUniformityNormalized	0.3382731127402999
original	glrlm	RunPercentage	0.4923152294753504
original	glrlm	RunVariance	2.7078503281319444
original	glrlm	ShortRunEmphasis	0.5778108345033164
original	glrlm	ShortRunHighGrayLevelEmphasis	13.109435055831387
original	glrlm	ShortRunLowGrayLevelEmphasis	0.043607003368252156
original	glszm	GrayLevelNonUniformity	9.493150684931507
original	glszm	GrayLevelNonUniformityNormalized	0.1300431600675549
original	glszm	GrayLevelVariance	6.219553387127041
original	glszm	HighGrayLevelZoneEmphasis	32.89041095890411
original	glszm	LargeAreaEmphasis	419293.4931506849
original	glszm	LargeAreaHighGrayLevelEmphasis	6151032.109589041
original	glszm	LargeAreaLowGrayLevelEmphasis	32928.50441010511
original	glszm	LowGrayLevelZoneEmphasis	0.13827655986291015
original	glszm	SizeZoneNonUniformity	3.73972602739726
original	glszm	SizeZoneNonUniformityNormalized	0.05122912366297617
original	glszm	SmallAreaEmphasis	0.15472755032485944
original	glszm	SmallAreaHighGrayLevelEmphasis	5.925902665796935
original	glszm	SmallAreaLowGrayLevelEmphasis	0.02255031450025876
original	glszm	ZoneEntropy	5.802637401256842
original	glszm	ZonePercentage	0.005960643422879073
original	glszm	ZoneVariance	391147.6854944642
original	ngtdm	Busyness	21.22907759804902
original	ngtdm	Coarseness	0.001231255582210302
original	ngtdm	Complexity	11.202406849491924
original	ngtdm	Contrast	0.01601860926863422
original	ngtdm	Strength	0.042303613698138426
