Image type	Feature Class	Feature Name	Segmentation_5_segment_tumora
diagnostics	Versions	PyRadiomics	v3.0.1.post15+g2791e23
diagnostics	Versions	Numpy	1.22.1
diagnostics	Versions	SimpleITK	2.2.0rc2.post15
diagnostics	Versions	PyWavelet	1.3.0
diagnostics	Versions	Python	3.9.10
diagnostics	Configuration	Settings	{'minimumROIDimensions': 2, 'minimumROISize': None, 'normalize': False, 'normalizeScale': 1, 'removeOutliers': None, 'resampledPixelSpacing': None, 'interpolator': 'sitkBSpline', 'preCrop': False, 'padDistance': 5, 'distances': [1], 'force2D': False, 'force2Ddimension': 0, 'resegmentRange': None, 'label': 1, 'additionalInfo': True, 'binWidth': 8.0, 'symmetricalGLCM': True, 'correctMask': True}
diagnostics	Configuration	EnabledImageTypes	{'Original': {}}
diagnostics	Image-original	Hash	a87a9f779c4fad11bef0eaebe5a9c74277defbc7
diagnostics	Image-original	Dimensionality	3D
diagnostics	Image-original	Spacing	(0.2906250059604594, 0.2906250059604597, 0.29060000181198115)
diagnostics	Image-original	Size	(38, 42, 52)
diagnostics	Image-original	Mean	54.822031039136306
diagnostics	Image-original	Minimum	0.0
diagnostics	Image-original	Maximum	134.0
diagnostics	Mask-original	Hash	81e2a3f3188a4a97be575275c6eca2769140d04c
diagnostics	Mask-original	Spacing	(0.2906250059604594, 0.2906250059604597, 0.29060000181198115)
diagnostics	Mask-original	Size	(38, 42, 52)
diagnostics	Mask-original	BoundingBox	(4, 4, 11, 31, 31, 20)
diagnostics	Mask-original	VoxelNum	11410
diagnostics	Mask-original	VolumeNum	1
diagnostics	Mask-original	CenterOfMassIndex	(18.43558282208589, 20.222611744084137, 21.030236634531114)
diagnostics	Mask-original	CenterOfMass	(-17.90703558011407, 25.109554011743032, 1.4869579928957135)
original	shape	Elongation	0.8078605317596763
original	shape	Flatness	0.6561742455954943
original	shape	LeastAxisLength	6.121467886172163
original	shape	MajorAxisLength	9.329027963626917
original	shape	Maximum2DDiameterColumn	10.566678738383384
original	shape	Maximum2DDiameterRow	10.075671306144399
original	shape	Maximum2DDiameterSlice	10.021296376838475
original	shape	Maximum3DDiameter	11.441688660884525
original	shape	MeshVolume	279.24240918079363
original	shape	MinorAxisLength	7.536553491496532
original	shape	Sphericity	0.7609993698036104
original	shape	SurfaceArea	271.49015045680125
original	shape	SurfaceVolumeRatio	0.9722382472392536
original	shape	VoxelVolume	280.05750497198557
original	firstorder	10Percentile	42.0
original	firstorder	90Percentile	64.0
original	firstorder	Energy	33269010.0
original	firstorder	Entropy	2.2285387686783134
original	firstorder	InterquartileRange	13.0
original	firstorder	Kurtosis	2.8454349902022917
original	firstorder	Maximum	84.0
original	firstorder	MeanAbsoluteDeviation	7.123903060264341
original	firstorder	Mean	53.27940403155127
original	firstorder	Median	53.0
original	firstorder	Minimum	19.0
original	firstorder	Range	65.0
original	firstorder	RobustMeanAbsoluteDeviation	5.218947059386335
original	firstorder	RootMeanSquared	53.99793062545755
original	firstorder	Skewness	0.0030457783951286727
original	firstorder	TotalEnergy	816585.0949595124
original	firstorder	Uniformity	0.2444778286187447
original	firstorder	Variance	77.08161787444475
original	glcm	Autocorrelation	27.9935776163393
original	glcm	ClusterProminence	56.768929570537914
original	glcm	ClusterShade	-0.1215472838692623
original	glcm	ClusterTendency	4.550958794033921
original	glcm	Contrast	0.49300584850045975
original	glcm	Correlation	0.8043526527638375
original	glcm	DifferenceAverage	0.4382160431104832
original	glcm	DifferenceEntropy	1.09227309136637
original	glcm	DifferenceVariance	0.29092482858576535
original	glcm	Id	0.7898153483628078
original	glcm	Idm	0.786370958983756
original	glcm	Idmn	0.9940387230332773
original	glcm	Idn	0.9566726982049765
original	glcm	Imc1	-0.35574369155947266
original	glcm	Imc2	0.880081387466655
original	glcm	InverseVariance	0.39224190413393684
original	glcm	JointAverage	5.1941243432190785
original	glcm	JointEnergy	0.1115558288787433
original	glcm	JointEntropy	3.6342834886538857
original	glcm	MCC	0.8079554402774909
original	glcm	MaximumProbability	0.1958277687397385
original	glcm	SumAverage	10.388248686438157
original	glcm	SumEntropy	3.078571408620102
original	glcm	SumSquares	1.260991160633595
original	gldm	DependenceEntropy	6.594225200948667
original	gldm	DependenceNonUniformity	579.1242769500438
original	gldm	DependenceNonUniformityNormalized	0.05075585249343066
original	gldm	DependenceVariance	29.017106171762244
original	gldm	GrayLevelNonUniformity	2789.492024539877
original	gldm	GrayLevelVariance	1.2919296080056473
original	gldm	HighGrayLevelEmphasis	28.519106047326908
original	gldm	LargeDependenceEmphasis	250.19474145486416
original	gldm	LargeDependenceHighGrayLevelEmphasis	7014.956617002629
original	gldm	LargeDependenceLowGrayLevelEmphasis	10.592333576149647
original	gldm	LowGrayLevelEmphasis	0.04385339023134816
original	gldm	SmallDependenceEmphasis	0.008805746502417906
original	gldm	SmallDependenceHighGrayLevelEmphasis	0.27428898559403375
original	gldm	SmallDependenceLowGrayLevelEmphasis	0.0004297253693506612
original	glrlm	GrayLevelNonUniformity	1221.2893431969967
original	glrlm	GrayLevelNonUniformityNormalized	0.22925760055800637
original	glrlm	GrayLevelVariance	1.4809424792886148
original	glrlm	HighGrayLevelRunEmphasis	28.952706268920807
original	glrlm	LongRunEmphasis	8.590973557132894
original	glrlm	LongRunHighGrayLevelEmphasis	241.6019595427436
original	glrlm	LongRunLowGrayLevelEmphasis	0.36579851673854125
original	glrlm	LowGrayLevelRunEmphasis	0.044989227722090505
original	glrlm	RunEntropy	4.442578196613889
original	glrlm	RunLengthNonUniformity	1720.546993544645
original	glrlm	RunLengthNonUniformityNormalized	0.30945788786498074
original	glrlm	RunPercentage	0.46645992044765056
original	glrlm	RunVariance	2.9646165120716432
original	glrlm	ShortRunEmphasis	0.5370519793236415
original	glrlm	ShortRunHighGrayLevelEmphasis	15.773557351536445
original	glrlm	ShortRunLowGrayLevelEmphasis	0.024720443273492612
original	glszm	GrayLevelNonUniformity	9.37037037037037
original	glszm	GrayLevelNonUniformityNormalized	0.17352537722908093
original	glszm	GrayLevelVariance	5.541838134430726
original	glszm	HighGrayLevelZoneEmphasis	38.074074074074076
original	glszm	LargeAreaEmphasis	552951.074074074
original	glszm	LargeAreaHighGrayLevelEmphasis	14995899.388888888
original	glszm	LargeAreaLowGrayLevelEmphasis	22297.053974570284
original	glszm	LowGrayLevelZoneEmphasis	0.07903130336496739
original	glszm	SizeZoneNonUniformity	2.4444444444444446
original	glszm	SizeZoneNonUniformityNormalized	0.04526748971193416
original	glszm	SmallAreaEmphasis	0.11031123424200064
original	glszm	SmallAreaHighGrayLevelEmphasis	4.665966822619366
original	glszm	SmallAreaLowGrayLevelEmphasis	0.006327050613016703
original	glszm	ZoneEntropy	5.606739354015304
original	glszm	ZonePercentage	0.004732690622261174
original	glszm	ZoneVariance	508304.9492455417
original	ngtdm	Busyness	13.997107362219722
original	ngtdm	Coarseness	0.0012854707598357155
original	ngtdm	Complexity	10.75407538652358
original	ngtdm	Contrast	0.010967170063839711
original	ngtdm	Strength	0.04132852976842194
