Image type	Feature Class	Feature Name	Segmentation_1_segment_tumora
diagnostics	Versions	PyRadiomics	v3.0.1.post15+g2791e23
diagnostics	Versions	Numpy	1.22.1
diagnostics	Versions	SimpleITK	2.2.0rc2.post15
diagnostics	Versions	PyWavelet	1.3.0
diagnostics	Versions	Python	3.9.10
diagnostics	Configuration	Settings	{'minimumROIDimensions': 2, 'minimumROISize': None, 'normalize': False, 'normalizeScale': 1, 'removeOutliers': None, 'resampledPixelSpacing': None, 'interpolator': 'sitkBSpline', 'preCrop': False, 'padDistance': 5, 'distances': [1], 'force2D': False, 'force2Ddimension': 0, 'resegmentRange': None, 'label': 1, 'additionalInfo': True, 'binWidth': 8.0, 'symmetricalGLCM': True, 'correctMask': True}
diagnostics	Configuration	EnabledImageTypes	{'Original': {}}
diagnostics	Image-original	Hash	41fab6d41b7e28c17f3cb650143ac6a1fe04d01a
diagnostics	Image-original	Dimensionality	3D
diagnostics	Image-original	Spacing	(0.3125, 0.3124999999999998, 0.3125000000000001)
diagnostics	Image-original	Size	(64, 75, 87)
diagnostics	Image-original	Mean	71.63828544061303
diagnostics	Image-original	Minimum	0.0
diagnostics	Image-original	Maximum	164.0
diagnostics	Mask-original	Hash	324bc4e79d9e575019c6630d1258c66a09c752ed
diagnostics	Mask-original	Spacing	(0.3125, 0.3124999999999998, 0.3125000000000001)
diagnostics	Mask-original	Size	(64, 75, 87)
diagnostics	Mask-original	BoundingBox	(6, 6, 7, 54, 65, 62)
diagnostics	Mask-original	VoxelNum	54814
diagnostics	Mask-original	VolumeNum	1
diagnostics	Mask-original	CenterOfMassIndex	(32.90945743788083, 43.05265078264677, 31.25752544970263)
diagnostics	Mask-original	CenterOfMass	(-24.458410667439146, 50.20747785176026, -50.96473928453068)
original	shape	Elongation	0.43413540568736947
original	shape	Flatness	0.39001526888827
original	shape	LeastAxisLength	10.946499886848848
original	shape	MajorAxisLength	28.06684958271405
original	shape	Maximum2DDiameterColumn	22.724573703372307
original	shape	Maximum2DDiameterRow	26.531231595988903
original	shape	Maximum2DDiameterSlice	20.3916726263443
original	shape	Maximum3DDiameter	28.43578291519331
original	shape	MeshVolume	1670.6237792968823
original	shape	MinorAxisLength	12.18481312995794
original	shape	Sphericity	0.5188012428193043
original	shape	SurfaceArea	1312.4080609560015
original	shape	SurfaceVolumeRatio	0.7855796602562166
original	shape	VoxelVolume	1672.7905273437493
original	firstorder	10Percentile	46.0
original	firstorder	90Percentile	74.0
original	firstorder	Energy	204569105.0
original	firstorder	Entropy	2.552647982360989
original	firstorder	InterquartileRange	15.0
original	firstorder	Kurtosis	3.59902980637526
original	firstorder	Maximum	131.0
original	firstorder	MeanAbsoluteDeviation	8.857828431163371
original	firstorder	Mean	60.052778487247785
original	firstorder	Median	60.0
original	firstorder	Minimum	24.0
original	firstorder	Range	107.0
original	firstorder	RobustMeanAbsoluteDeviation	6.295690619871229
original	firstorder	RootMeanSquared	61.090583718986515
original	firstorder	Skewness	0.28277155325334113
original	firstorder	TotalEnergy	6242953.643798826
original	firstorder	Uniformity	0.19996567793652475
original	firstorder	Variance	125.72321508805037
original	glcm	Autocorrelation	26.579414843787045
original	glcm	ClusterProminence	179.21722067004688
original	glcm	ClusterShade	4.23073295905056
original	glcm	ClusterTendency	7.176648007330753
original	glcm	Contrast	0.521296413542568
original	glcm	Correlation	0.86410032810869
original	glcm	DifferenceAverage	0.4521452889681636
original	glcm	DifferenceEntropy	1.1162745318622074
original	glcm	DifferenceVariance	0.30456817492019356
original	glcm	Id	0.7849849964418737
original	glcm	Idm	0.7808265433018876
original	glcm	Idmn	0.9973661116706245
original	glcm	Idn	0.9701422633948487
original	glcm	Imc1	-0.41181667098048114
original	glcm	Imc2	0.9270865435741241
original	glcm	InverseVariance	0.39594182781596327
original	glcm	JointAverage	4.991505642644352
original	glcm	JointEnergy	0.09168485492989803
original	glcm	JointEntropy	3.9867788777639754
original	glcm	MCC	0.8670408569600349
original	glcm	MaximumProbability	0.18100836256624797
original	glcm	SumAverage	9.983011285288704
original	glcm	SumEntropy	3.4016785629434447
original	glcm	SumSquares	1.9244861052183297
original	gldm	DependenceEntropy	6.922242018067715
original	gldm	DependenceNonUniformity	2715.584266793155
original	gldm	DependenceNonUniformityNormalized	0.04954180075880532
original	gldm	DependenceVariance	31.625332272495857
original	gldm	GrayLevelNonUniformity	10960.918670412668
original	gldm	GrayLevelVariance	2.0451057704409883
original	gldm	HighGrayLevelEmphasis	27.75130441128179
original	gldm	LargeDependenceEmphasis	253.20246652315103
original	gldm	LargeDependenceHighGrayLevelEmphasis	6364.37198525924
original	gldm	LargeDependenceLowGrayLevelEmphasis	13.903570027192272
original	gldm	LowGrayLevelEmphasis	0.05421533790686083
original	gldm	SmallDependenceEmphasis	0.009525150756714644
original	gldm	SmallDependenceHighGrayLevelEmphasis	0.3495056705747619
original	gldm	SmallDependenceLowGrayLevelEmphasis	0.0004835437791829037
original	glrlm	GrayLevelNonUniformity	4727.207177699595
original	glrlm	GrayLevelNonUniformityNormalized	0.1844272634614155
original	glrlm	GrayLevelVariance	2.391465971859358
original	glrlm	HighGrayLevelRunEmphasis	29.836503334380545
original	glrlm	LongRunEmphasis	10.245863117534755
original	glrlm	LongRunHighGrayLevelEmphasis	267.9822397970932
original	glrlm	LongRunLowGrayLevelEmphasis	0.5424521321314774
original	glrlm	LowGrayLevelRunEmphasis	0.05348292737860712
original	glrlm	RunEntropy	4.78827465320543
original	glrlm	RunLengthNonUniformity	8541.677733611381
original	glrlm	RunLengthNonUniformityNormalized	0.3182327729523333
original	glrlm	RunPercentage	0.4659435685998244
original	glrlm	RunVariance	4.064204998522958
original	glrlm	ShortRunEmphasis	0.5543751897295913
original	glrlm	ShortRunHighGrayLevelEmphasis	17.7503781187417
original	glrlm	ShortRunLowGrayLevelEmphasis	0.02860485512921162
original	glszm	GrayLevelNonUniformity	25.91578947368421
original	glszm	GrayLevelNonUniformityNormalized	0.136398891966759
original	glszm	GrayLevelVariance	8.076011080332409
original	glszm	HighGrayLevelZoneEmphasis	52.473684210526315
original	glszm	LargeAreaEmphasis	2587705.347368421
original	glszm	LargeAreaHighGrayLevelEmphasis	70083407.35789473
original	glszm	LargeAreaLowGrayLevelEmphasis	107844.57904392859
original	glszm	LowGrayLevelZoneEmphasis	0.08394737910074658
original	glszm	SizeZoneNonUniformity	9.736842105263158
original	glszm	SizeZoneNonUniformityNormalized	0.05124653739612189
original	glszm	SmallAreaEmphasis	0.17879919159272728
original	glszm	SmallAreaHighGrayLevelEmphasis	10.977814337385572
original	glszm	SmallAreaLowGrayLevelEmphasis	0.006572486041930059
original	glszm	ZoneEntropy	6.842282813817601
original	glszm	ZonePercentage	0.0034662677418177837
original	glszm	ZoneVariance	2504476.1341828257
original	ngtdm	Busyness	32.488579749696875
original	ngtdm	Coarseness	0.0003193880276706959
original	ngtdm	Complexity	31.019991949782334
original	ngtdm	Contrast	0.006955085767359778
original	ngtdm	Strength	0.03994318828545357
