Image type	Feature Class	Feature Name	Segmentation_1_segment_tumora
diagnostics	Versions	PyRadiomics	v3.0.1.post15+g2791e23
diagnostics	Versions	Numpy	1.22.1
diagnostics	Versions	SimpleITK	2.2.0rc2.post15
diagnostics	Versions	PyWavelet	1.3.0
diagnostics	Versions	Python	3.9.10
diagnostics	Configuration	Settings	{'minimumROIDimensions': 2, 'minimumROISize': None, 'normalize': False, 'normalizeScale': 1, 'removeOutliers': None, 'resampledPixelSpacing': None, 'interpolator': 'sitkBSpline', 'preCrop': False, 'padDistance': 5, 'distances': [1], 'force2D': False, 'force2Ddimension': 0, 'resegmentRange': None, 'label': 1, 'additionalInfo': True, 'binWidth': 8.0, 'symmetricalGLCM': True, 'correctMask': True}
diagnostics	Configuration	EnabledImageTypes	{'Original': {}}
diagnostics	Image-original	Hash	b94730eb65fb84a7022f1d3e1b5b2b300363d313
diagnostics	Image-original	Dimensionality	3D
diagnostics	Image-original	Spacing	(0.31249999999999967, 0.31249999999999983, 0.39062500000000006)
diagnostics	Image-original	Size	(45, 49, 40)
diagnostics	Image-original	Mean	42.168843537414965
diagnostics	Image-original	Minimum	0.0
diagnostics	Image-original	Maximum	136.0
diagnostics	Mask-original	Hash	2512be52c5b40d17a0822ac899a166bcca70ba49
diagnostics	Mask-original	Spacing	(0.31249999999999967, 0.31249999999999983, 0.39062500000000006)
diagnostics	Mask-original	Size	(45, 49, 40)
diagnostics	Mask-original	BoundingBox	(6, 8, 5, 29, 32, 20)
diagnostics	Mask-original	VoxelNum	10900
diagnostics	Mask-original	VolumeNum	1
diagnostics	Mask-original	CenterOfMassIndex	(21.022018348623853, 26.072477064220184, 15.51834862385321)
diagnostics	Mask-original	CenterOfMass	(9.417407642793869, 6.569030367049911, -127.30934313535803)
original	shape	Elongation	0.7815814833548916
original	shape	Flatness	0.7525805837349163
original	shape	LeastAxisLength	7.875069163143595
original	shape	MajorAxisLength	10.464087611802452
original	shape	Maximum2DDiameterColumn	11.498980933108808
original	shape	Maximum2DDiameterRow	12.453281837155414
original	shape	Maximum2DDiameterSlice	11.362286851686145
original	shape	Maximum3DDiameter	13.239825102696782
original	shape	MeshVolume	414.5431518554687
original	shape	MinorAxisLength	8.178537117588107
original	shape	Sphericity	0.7607378501267436
original	shape	SurfaceArea	353.42364069563286
original	shape	SurfaceVolumeRatio	0.8525617637481917
original	shape	VoxelVolume	415.8020019531244
original	firstorder	10Percentile	39.0
original	firstorder	90Percentile	54.0
original	firstorder	Energy	24336098.0
original	firstorder	Entropy	1.792434364792117
original	firstorder	InterquartileRange	8.0
original	firstorder	Kurtosis	3.8365338015786765
original	firstorder	Maximum	78.0
original	firstorder	MeanAbsoluteDeviation	4.848791852537666
original	firstorder	Mean	46.82935779816514
original	firstorder	Median	47.0
original	firstorder	Minimum	25.0
original	firstorder	Range	53.0
original	firstorder	RobustMeanAbsoluteDeviation	3.2787522076795126
original	firstorder	RootMeanSquared	47.25113269842749
original	firstorder	Skewness	-0.004551566935172345
original	firstorder	TotalEnergy	928348.4649658189
original	firstorder	Uniformity	0.34246768790505855
original	firstorder	Variance	39.680789495833686
original	glcm	Autocorrelation	12.210284164091084
original	glcm	ClusterProminence	18.920579985390408
original	glcm	ClusterShade	-0.15720504028297025
original	glcm	ClusterTendency	2.326699179419808
original	glcm	Contrast	0.36938807397596346
original	glcm	Correlation	0.7248340975241501
original	glcm	DifferenceAverage	0.34134599828942547
original	glcm	DifferenceEntropy	0.9690635151362179
original	glcm	DifferenceVariance	0.24577264219415793
original	glcm	Id	0.8337709474383453
original	glcm	Idm	0.8321176431527373
original	glcm	Idmn	0.9926870893698527
original	glcm	Idn	0.9577132163221441
original	glcm	Imc1	-0.32653561793315233
original	glcm	Imc2	0.8101614726421306
original	glcm	InverseVariance	0.31888345970282095
original	glcm	JointAverage	3.4235833369627193
original	glcm	JointEnergy	0.1933203906806752
original	glcm	JointEntropy	2.933069183038174
original	glcm	MCC	0.7327086164595771
original	glcm	MaximumProbability	0.29752369664459355
original	glcm	SumAverage	6.847166673925437
original	glcm	SumEntropy	2.5251347949219425
original	glcm	SumSquares	0.6740218133489428
original	gldm	DependenceEntropy	6.149290181839817
original	gldm	DependenceNonUniformity	524.3299082568807
original	gldm	DependenceNonUniformityNormalized	0.04810366130797071
original	gldm	DependenceVariance	35.34538335156973
original	gldm	GrayLevelNonUniformity	3732.897798165138
original	gldm	GrayLevelVariance	0.7120048733271611
original	gldm	HighGrayLevelEmphasis	12.391467889908258
original	gldm	LargeDependenceEmphasis	316.90146788990825
original	gldm	LargeDependenceHighGrayLevelEmphasis	3921.102844036697
original	gldm	LargeDependenceLowGrayLevelEmphasis	31.389098706546836
original	gldm	LowGrayLevelEmphasis	0.11211004025463395
original	gldm	SmallDependenceEmphasis	0.0072728246490174845
original	gldm	SmallDependenceHighGrayLevelEmphasis	0.09609295582595742
original	gldm	SmallDependenceLowGrayLevelEmphasis	0.0011482551072001979
original	glrlm	GrayLevelNonUniformity	1263.9226598439807
original	glrlm	GrayLevelNonUniformityNormalized	0.2951792711442571
original	glrlm	GrayLevelVariance	0.9443089018835653
original	glrlm	HighGrayLevelRunEmphasis	12.462753744939478
original	glrlm	LongRunEmphasis	13.27015691330126
original	glrlm	LongRunHighGrayLevelEmphasis	164.32514071996414
original	glrlm	LongRunLowGrayLevelEmphasis	1.3497478378038539
original	glrlm	LowGrayLevelRunEmphasis	0.12532534585177266
original	glrlm	RunEntropy	4.394998979647985
original	glrlm	RunLengthNonUniformity	1127.038214698008
original	glrlm	RunLengthNonUniformityNormalized	0.2495028907422561
original	glrlm	RunPercentage	0.39309103740296397
original	glrlm	RunVariance	4.9848201723784165
original	glrlm	ShortRunEmphasis	0.4688801354879939
original	glrlm	ShortRunHighGrayLevelEmphasis	5.905910413049328
original	glrlm	ShortRunLowGrayLevelEmphasis	0.06608652737193974
original	glszm	GrayLevelNonUniformity	7.514285714285714
original	glszm	GrayLevelNonUniformityNormalized	0.2146938775510204
original	glszm	GrayLevelVariance	3.433469387755102
original	glszm	HighGrayLevelZoneEmphasis	14.8
original	glszm	LargeAreaEmphasis	1118394.4
original	glszm	LargeAreaHighGrayLevelEmphasis	13645553.57142857
original	glszm	LargeAreaLowGrayLevelEmphasis	100590.66112423062
original	glszm	LowGrayLevelZoneEmphasis	0.2739640427599611
original	glszm	SizeZoneNonUniformity	1.5142857142857142
original	glszm	SizeZoneNonUniformityNormalized	0.04326530612244898
original	glszm	SmallAreaEmphasis	0.09997333099119039
original	glszm	SmallAreaHighGrayLevelEmphasis	1.569158368603322
original	glszm	SmallAreaLowGrayLevelEmphasis	0.03583971629170539
original	glszm	ZoneEntropy	5.129283016944955
original	glszm	ZonePercentage	0.003211009174311927
original	glszm	ZoneVariance	1021406.6448979591
original	ngtdm	Busyness	30.379620147468437
original	ngtdm	Coarseness	0.0011071812716363604
original	ngtdm	Complexity	5.945239249775526
original	ngtdm	Contrast	0.009279875449001893
original	ngtdm	Strength	0.023704177102246295
