Image type	Feature Class	Feature Name	Segmentation_segment_tumora
diagnostics	Versions	PyRadiomics	v3.0.1.post15+g2791e23
diagnostics	Versions	Numpy	1.22.1
diagnostics	Versions	SimpleITK	2.2.0rc2.post15
diagnostics	Versions	PyWavelet	1.3.0
diagnostics	Versions	Python	3.9.10
diagnostics	Configuration	Settings	{'minimumROIDimensions': 2, 'minimumROISize': None, 'normalize': False, 'normalizeScale': 1, 'removeOutliers': None, 'resampledPixelSpacing': None, 'interpolator': 'sitkBSpline', 'preCrop': False, 'padDistance': 5, 'distances': [1], 'force2D': False, 'force2Ddimension': 0, 'resegmentRange': None, 'label': 1, 'additionalInfo': True, 'binWidth': 8.0, 'symmetricalGLCM': True, 'correctMask': True}
diagnostics	Configuration	EnabledImageTypes	{'Original': {}}
diagnostics	Image-original	Hash	2d319a4fae7dc73a0156427b2abf843dfd6ff063
diagnostics	Image-original	Dimensionality	3D
diagnostics	Image-original	Spacing	(0.46875, 0.46874999999999983, 0.4687500000000001)
diagnostics	Image-original	Size	(64, 63, 75)
diagnostics	Image-original	Mean	52.400671296296295
diagnostics	Image-original	Minimum	0.0
diagnostics	Image-original	Maximum	172.0
diagnostics	Mask-original	Hash	34842d932cc738ca6b721e9c3c9b83555b56be8c
diagnostics	Mask-original	Spacing	(0.46875, 0.46874999999999983, 0.4687500000000001)
diagnostics	Mask-original	Size	(64, 63, 75)
diagnostics	Mask-original	BoundingBox	(5, 4, 13, 56, 56, 42)
diagnostics	Mask-original	VoxelNum	56859
diagnostics	Mask-original	VolumeNum	1
diagnostics	Mask-original	CenterOfMassIndex	(34.15988673736788, 29.58363671538367, 32.141244130216855)
diagnostics	Mask-original	CenterOfMass	(28.440064411694895, 18.622000660244538, 16.608204056994914)
original	shape	Elongation	0.7762386189209033
original	shape	Flatness	0.6123532716360168
original	shape	LeastAxisLength	16.567137696396053
original	shape	MajorAxisLength	27.054869245874745
original	shape	Maximum2DDiameterColumn	29.59071394141243
original	shape	Maximum2DDiameterRow	27.850220207836774
original	shape	Maximum2DDiameterSlice	27.596598805378164
original	shape	Maximum3DDiameter	34.538319412103704
original	shape	MeshVolume	5849.614620208744
original	shape	MinorAxisLength	21.00103433850343
original	shape	Sphericity	0.6828682649722853
original	shape	SurfaceArea	2299.1397202673616
original	shape	SurfaceVolumeRatio	0.3930412291306323
original	shape	VoxelVolume	5856.29653930664
original	firstorder	10Percentile	34.0
original	firstorder	90Percentile	52.0
original	firstorder	Energy	106072905.0
original	firstorder	Entropy	2.0262331235909445
original	firstorder	InterquartileRange	9.0
original	firstorder	Kurtosis	6.9780944478405065
original	firstorder	Maximum	111.0
original	firstorder	MeanAbsoluteDeviation	5.909273910298408
original	firstorder	Mean	42.43692291457817
original	firstorder	Median	42.0
original	firstorder	Minimum	14.0
original	firstorder	Range	97.0
original	firstorder	RobustMeanAbsoluteDeviation	3.844614252709144
original	firstorder	RootMeanSquared	43.19193121365217
original	firstorder	Skewness	1.1269748080459139
original	firstorder	TotalEnergy	10925172.557830809
original	firstorder	Uniformity	0.3045346514416335
original	firstorder	Variance	64.65049550701092
original	glcm	Autocorrelation	24.383221147367223
original	glcm	ClusterProminence	81.0793284097684
original	glcm	ClusterShade	6.456774443279762
original	glcm	ClusterTendency	3.740325534813325
original	glcm	Contrast	0.3598699431694524
original	glcm	Correlation	0.82382332336627
original	glcm	DifferenceAverage	0.31076329941563574
original	glcm	DifferenceEntropy	0.9641011560292057
original	glcm	DifferenceVariance	0.2590532179947129
original	glcm	Id	0.8518741228532357
original	glcm	Idm	0.8494485694859909
original	glcm	Idmn	0.9978984078260514
original	glcm	Idn	0.9780291980678126
original	glcm	Imc1	-0.4202204525453416
original	glcm	Imc2	0.8955154263562624
original	glcm	InverseVariance	0.27600338660038637
original	glcm	JointAverage	4.851607182040377
original	glcm	JointEnergy	0.18535531650364284
original	glcm	JointEntropy	3.1453757534463866
original	glcm	MCC	0.83886524348528
original	glcm	MaximumProbability	0.3294661937978533
original	glcm	SumAverage	9.703214364080756
original	glcm	SumEntropy	2.7548091006634317
original	glcm	SumSquares	1.0250488694956943
original	gldm	DependenceEntropy	6.284409641020004
original	gldm	DependenceNonUniformity	3167.062153748747
original	gldm	DependenceNonUniformityNormalized	0.05570027882566959
original	gldm	DependenceVariance	40.42303012062082
original	gldm	GrayLevelNonUniformity	17315.535746319845
original	gldm	GrayLevelVariance	1.09295535157769
original	gldm	HighGrayLevelEmphasis	24.755869783147787
original	gldm	LargeDependenceEmphasis	376.6824777080146
original	gldm	LargeDependenceHighGrayLevelEmphasis	8643.683673648851
original	gldm	LargeDependenceLowGrayLevelEmphasis	18.56914667576336
original	gldm	LowGrayLevelEmphasis	0.0484341524123068
original	gldm	SmallDependenceEmphasis	0.006999263013698439
original	gldm	SmallDependenceHighGrayLevelEmphasis	0.24907831693808682
original	gldm	SmallDependenceLowGrayLevelEmphasis	0.00031348493823589083
original	glrlm	GrayLevelNonUniformity	4629.0613490094465
original	glrlm	GrayLevelNonUniformityNormalized	0.24357146360059528
original	glrlm	GrayLevelVariance	1.6677220395990382
original	glrlm	HighGrayLevelRunEmphasis	27.409884158381605
original	glrlm	LongRunEmphasis	20.287872821182965
original	glrlm	LongRunHighGrayLevelEmphasis	467.9852979778042
original	glrlm	LongRunLowGrayLevelEmphasis	0.9890823652098147
original	glrlm	LowGrayLevelRunEmphasis	0.04719160275732856
original	glrlm	RunEntropy	4.998421413280608
original	glrlm	RunLengthNonUniformity	4321.244320080937
original	glrlm	RunLengthNonUniformityNormalized	0.21961353382525267
original	glrlm	RunPercentage	0.3331777527946999
original	glrlm	RunVariance	9.616881253710874
original	glrlm	ShortRunEmphasis	0.448645986550822
original	glrlm	ShortRunHighGrayLevelEmphasis	13.797848641156147
original	glrlm	ShortRunLowGrayLevelEmphasis	0.02023430364865971
original	glszm	GrayLevelNonUniformity	24.845410628019323
original	glszm	GrayLevelNonUniformityNormalized	0.12002613829961026
original	glszm	GrayLevelVariance	7.274008728325047
original	glszm	HighGrayLevelZoneEmphasis	49.68115942028985
original	glszm	LargeAreaEmphasis	4366973.966183575
original	glszm	LargeAreaHighGrayLevelEmphasis	101244588.1062802
original	glszm	LargeAreaLowGrayLevelEmphasis	199611.94419585416
original	glszm	LowGrayLevelZoneEmphasis	0.05418740675812008
original	glszm	SizeZoneNonUniformity	13.154589371980677
original	glszm	SizeZoneNonUniformityNormalized	0.06354874092744288
original	glszm	SmallAreaEmphasis	0.2038810506236553
original	glszm	SmallAreaHighGrayLevelEmphasis	12.121904278582356
original	glszm	SmallAreaLowGrayLevelEmphasis	0.008358257712692144
original	glszm	ZoneEntropy	6.886956960395166
original	glszm	ZonePercentage	0.0036405846040204718
original	glszm	ZoneVariance	4291524.2268431
original	ngtdm	Busyness	38.62997201858893
original	ngtdm	Coarseness	0.0002726845986165053
original	ngtdm	Complexity	21.176383787349245
original	ngtdm	Contrast	0.0034190285163887826
original	ngtdm	Strength	0.03683149768355076
