Image type	Feature Class	Feature Name	Segmentation_2_segment_tumora
diagnostics	Versions	PyRadiomics	v3.0.1.post15+g2791e23
diagnostics	Versions	Numpy	1.22.1
diagnostics	Versions	SimpleITK	2.2.0rc2.post15
diagnostics	Versions	PyWavelet	1.3.0
diagnostics	Versions	Python	3.9.10
diagnostics	Configuration	Settings	{'minimumROIDimensions': 2, 'minimumROISize': None, 'normalize': False, 'normalizeScale': 1, 'removeOutliers': None, 'resampledPixelSpacing': None, 'interpolator': 'sitkBSpline', 'preCrop': False, 'padDistance': 5, 'distances': [1], 'force2D': False, 'force2Ddimension': 0, 'resegmentRange': None, 'label': 1, 'additionalInfo': True, 'binWidth': 8.0, 'symmetricalGLCM': True, 'correctMask': True}
diagnostics	Configuration	EnabledImageTypes	{'Original': {}}
diagnostics	Image-original	Hash	f3097c737dcb3c2e2d6282fa7d325cdb79748417
diagnostics	Image-original	Dimensionality	3D
diagnostics	Image-original	Spacing	(0.31250000000000006, 0.3125, 0.31250000000000006)
diagnostics	Image-original	Size	(69, 92, 58)
diagnostics	Image-original	Mean	48.92171305651522
diagnostics	Image-original	Minimum	0.0
diagnostics	Image-original	Maximum	166.0
diagnostics	Mask-original	Hash	0e248bf80355eec31b1899b91074c46a230f8223
diagnostics	Mask-original	Spacing	(0.31250000000000006, 0.3125, 0.31250000000000006)
diagnostics	Mask-original	Size	(69, 92, 58)
diagnostics	Mask-original	BoundingBox	(14, 10, 5, 42, 74, 39)
diagnostics	Mask-original	VoxelNum	39126
diagnostics	Mask-original	VolumeNum	1
diagnostics	Mask-original	CenterOfMassIndex	(36.49476051730307, 45.79972396871646, 23.27682359556305)
diagnostics	Mask-original	CenterOfMass	(-7.500971039334235, 35.785590657731014, -38.88594293135914)
original	shape	Elongation	0.6465430544143077
original	shape	Flatness	0.4032290866779675
original	shape	LeastAxisLength	7.912572428000315
original	shape	MajorAxisLength	19.623019988931418
original	shape	Maximum2DDiameterColumn	17.01619173757748
original	shape	Maximum2DDiameterRow	23.19246914409934
original	shape	Maximum2DDiameterSlice	23.158759142061133
original	shape	Maximum3DDiameter	23.54765779223063
original	shape	MeshVolume	1192.1132405598962
original	shape	MinorAxisLength	12.687127280476732
original	shape	Sphericity	0.6270713904764535
original	shape	SurfaceArea	867.0526673397118
original	shape	SurfaceVolumeRatio	0.7273240811690723
original	shape	VoxelVolume	1194.0307617187505
original	firstorder	10Percentile	31.0
original	firstorder	90Percentile	62.0
original	firstorder	Energy	91596889.0
original	firstorder	Entropy	2.673844102745134
original	firstorder	InterquartileRange	16.0
original	firstorder	Kurtosis	3.2273521331448154
original	firstorder	Maximum	103.0
original	firstorder	MeanAbsoluteDeviation	9.68137211531034
original	firstorder	Mean	46.8224454327046
original	firstorder	Median	47.0
original	firstorder	Minimum	3.0
original	firstorder	Range	100.0
original	firstorder	RobustMeanAbsoluteDeviation	6.931539526571877
original	firstorder	RootMeanSquared	48.3846536347603
original	firstorder	Skewness	0.05667198852392761
original	firstorder	TotalEnergy	2795315.216064454
original	firstorder	Uniformity	0.18387525365127436
original	firstorder	Variance	148.7333110571231
original	glcm	Autocorrelation	42.901415755666434
original	glcm	ClusterProminence	228.7980011574555
original	glcm	ClusterShade	0.016827466991958938
original	glcm	ClusterTendency	8.604121393808317
original	glcm	Contrast	0.5750159302277151
original	glcm	Correlation	0.8744731271827608
original	glcm	DifferenceAverage	0.4838734316939234
original	glcm	DifferenceEntropy	1.16838970186649
original	glcm	DifferenceVariance	0.32956765882929423
original	glcm	Id	0.7723983712830127
original	glcm	Idm	0.7671316605403136
original	glcm	Idmn	0.9966406442957013
original	glcm	Idn	0.9658651605641264
original	glcm	Imc1	-0.4111133191282624
original	glcm	Imc2	0.9356907825241875
original	glcm	InverseVariance	0.4118808563797297
original	glcm	JointAverage	6.3948374590421615
original	glcm	JointEnergy	0.07881941914452979
original	glcm	JointEntropy	4.198312580895244
original	glcm	MCC	0.8777080492212151
original	glcm	MaximumProbability	0.1520051326899279
original	glcm	SumAverage	12.789674918084321
original	glcm	SumEntropy	3.553855095965202
original	glcm	SumSquares	2.294784331009008
original	gldm	DependenceEntropy	7.035237083013465
original	gldm	DependenceNonUniformity	2000.3620610335838
original	gldm	DependenceNonUniformityNormalized	0.05112615807988508
original	gldm	DependenceVariance	28.93194440423786
original	gldm	GrayLevelNonUniformity	7194.303174359761
original	gldm	GrayLevelVariance	2.400622740577891
original	gldm	HighGrayLevelEmphasis	43.5527526452998
original	gldm	LargeDependenceEmphasis	237.10213157491182
original	gldm	LargeDependenceHighGrayLevelEmphasis	9997.768619332413
original	gldm	LargeDependenceLowGrayLevelEmphasis	7.032668059217686
original	gldm	LowGrayLevelEmphasis	0.030787201844130065
original	gldm	SmallDependenceEmphasis	0.009625787004806867
original	gldm	SmallDependenceHighGrayLevelEmphasis	0.4956560873426116
original	gldm	SmallDependenceLowGrayLevelEmphasis	0.00030279597098165084
original	glrlm	GrayLevelNonUniformity	3229.8698395735782
original	glrlm	GrayLevelNonUniformityNormalized	0.17069127221106525
original	glrlm	GrayLevelVariance	2.7791672870091593
original	glrlm	HighGrayLevelRunEmphasis	44.769432597942554
original	glrlm	LongRunEmphasis	7.891806038206722
original	glrlm	LongRunHighGrayLevelEmphasis	338.59752263802835
original	glrlm	LongRunLowGrayLevelEmphasis	0.233959931423867
original	glrlm	LowGrayLevelRunEmphasis	0.03138373779785759
original	glrlm	RunEntropy	4.83404007454792
original	glrlm	RunLengthNonUniformity	6441.882808633121
original	glrlm	RunLengthNonUniformityNormalized	0.3278584471562336
original	glrlm	RunPercentage	0.4835344586916432
original	glrlm	RunVariance	2.8967317603325564
original	glrlm	ShortRunEmphasis	0.5659418242448446
original	glrlm	ShortRunHighGrayLevelEmphasis	26.211048442140257
original	glrlm	ShortRunLowGrayLevelEmphasis	0.017866103216728848
original	glszm	GrayLevelNonUniformity	16.84516129032258
original	glszm	GrayLevelNonUniformityNormalized	0.10867845993756503
original	glszm	GrayLevelVariance	9.784973985431842
original	glszm	HighGrayLevelZoneEmphasis	65.69677419354839
original	glszm	LargeAreaEmphasis	1641580.0774193548
original	glszm	LargeAreaHighGrayLevelEmphasis	70106628.41935484
original	glszm	LargeAreaLowGrayLevelEmphasis	42709.55304747363
original	glszm	LowGrayLevelZoneEmphasis	0.04776562315706907
original	glszm	SizeZoneNonUniformity	6.406451612903226
original	glszm	SizeZoneNonUniformityNormalized	0.041331945889698234
original	glszm	SmallAreaEmphasis	0.12925070288972484
original	glszm	SmallAreaHighGrayLevelEmphasis	10.612824007544795
original	glszm	SmallAreaLowGrayLevelEmphasis	0.003580352260906892
original	glszm	ZoneEntropy	6.86467642133344
original	glszm	ZonePercentage	0.003961560087921075
original	glszm	ZoneVariance	1577861.289656608
original	ngtdm	Busyness	20.14723405425535
original	ngtdm	Coarseness	0.00047040648356008383
original	ngtdm	Complexity	23.903370024486684
original	ngtdm	Contrast	0.009809885031788044
original	ngtdm	Strength	0.03490622192832374
