Image type	Feature Class	Feature Name	Segmentation_1_segment_tumora
diagnostics	Versions	PyRadiomics	v3.0.1.post15+g2791e23
diagnostics	Versions	Numpy	1.22.1
diagnostics	Versions	SimpleITK	2.2.0rc2.post15
diagnostics	Versions	PyWavelet	1.3.0
diagnostics	Versions	Python	3.9.10
diagnostics	Configuration	Settings	{'minimumROIDimensions': 2, 'minimumROISize': None, 'normalize': False, 'normalizeScale': 1, 'removeOutliers': None, 'resampledPixelSpacing': None, 'interpolator': 'sitkBSpline', 'preCrop': False, 'padDistance': 5, 'distances': [1], 'force2D': False, 'force2Ddimension': 0, 'resegmentRange': None, 'label': 1, 'additionalInfo': True, 'binWidth': 8.0, 'symmetricalGLCM': True, 'correctMask': True}
diagnostics	Configuration	EnabledImageTypes	{'Original': {}}
diagnostics	Image-original	Hash	dfebdfe82d346a209028c92e7a03c929e35e110f
diagnostics	Image-original	Dimensionality	3D
diagnostics	Image-original	Spacing	(0.4687500000000001, 0.4687499999999999, 0.46874999999999994)
diagnostics	Image-original	Size	(38, 46, 42)
diagnostics	Image-original	Mean	62.85151738040754
diagnostics	Image-original	Minimum	0.0
diagnostics	Image-original	Maximum	147.0
diagnostics	Mask-original	Hash	0b853b891f3c250e82275b45e65cd01b964ae4fd
diagnostics	Mask-original	Spacing	(0.4687500000000001, 0.4687499999999999, 0.46874999999999994)
diagnostics	Mask-original	Size	(38, 46, 42)
diagnostics	Mask-original	BoundingBox	(3, 2, 5, 31, 40, 25)
diagnostics	Mask-original	VoxelNum	12715
diagnostics	Mask-original	VolumeNum	1
diagnostics	Mask-original	CenterOfMassIndex	(18.38749508454581, 20.65906409752261, 13.20495477782147)
diagnostics	Mask-original	CenterOfMass	(-16.76948856358424, 21.75396432147736, -195.28515446887084)
original	shape	Elongation	0.8020262129673669
original	shape	Flatness	0.6591851589856221
original	shape	LeastAxisLength	10.604274255063531
original	shape	MajorAxisLength	16.08694326702041
original	shape	Maximum2DDiameterColumn	16.352590821105387
original	shape	Maximum2DDiameterRow	18.749999999999996
original	shape	Maximum2DDiameterSlice	19.71538204201227
original	shape	Maximum3DDiameter	20.068851214319665
original	shape	MeshVolume	1305.428981781006
original	shape	MinorAxisLength	12.902150186669259
original	shape	Sphericity	0.6759235133786538
original	shape	SurfaceArea	854.5852711495522
original	shape	SurfaceVolumeRatio	0.6546394197435662
original	shape	VoxelVolume	1309.6046447753904
original	firstorder	10Percentile	45.0
original	firstorder	90Percentile	78.0
original	firstorder	Energy	46664679.0
original	firstorder	Entropy	2.6556399921652103
original	firstorder	InterquartileRange	17.0
original	firstorder	Kurtosis	3.1021345675051246
original	firstorder	Maximum	106.0
original	firstorder	MeanAbsoluteDeviation	10.144214840952682
original	firstorder	Mean	59.23594180102241
original	firstorder	Median	57.0
original	firstorder	Minimum	27.0
original	firstorder	Range	79.0
original	firstorder	RobustMeanAbsoluteDeviation	7.186623822999038
original	firstorder	RootMeanSquared	60.58093321442769
original	firstorder	Skewness	0.6748541703503587
original	firstorder	TotalEnergy	4806313.831329345
original	firstorder	Uniformity	0.1891999210125364
original	firstorder	Variance	161.1526680768331
original	glcm	Autocorrelation	25.51306928813439
original	glcm	ClusterProminence	247.70746508820548
original	glcm	ClusterShade	17.900066178298847
original	glcm	ClusterTendency	8.770282527995075
original	glcm	Contrast	0.7574129021420052
original	glcm	Correlation	0.8397899726479235
original	glcm	DifferenceAverage	0.5653476509868334
original	glcm	DifferenceEntropy	1.3044158282176217
original	glcm	DifferenceVariance	0.42175874706573807
original	glcm	Id	0.7457519475318712
original	glcm	Idm	0.7361910717425525
original	glcm	Idmn	0.9939057471579573
original	glcm	Idn	0.9540756572960939
original	glcm	Imc1	-0.35019185132474706
original	glcm	Imc2	0.9047635505206303
original	glcm	InverseVariance	0.42876038274484557
original	glcm	JointAverage	4.848550804318759
original	glcm	JointEnergy	0.08045848501430783
original	glcm	JointEntropy	4.276010918873175
original	glcm	MCC	0.8437200177145958
original	glcm	MaximumProbability	0.19110508062730597
original	glcm	SumAverage	9.697101608637517
original	glcm	SumEntropy	3.494392204239209
original	glcm	SumSquares	2.38192385753427
original	gldm	DependenceEntropy	6.900225021965152
original	gldm	DependenceNonUniformity	632.7741250491546
original	gldm	DependenceNonUniformityNormalized	0.04976595556816001
original	gldm	DependenceVariance	31.962337800063064
original	gldm	GrayLevelNonUniformity	2405.6769956744
original	gldm	GrayLevelVariance	2.5957117971982955
original	gldm	HighGrayLevelEmphasis	27.322768383798664
original	gldm	LargeDependenceEmphasis	203.420920173024
original	gldm	LargeDependenceHighGrayLevelEmphasis	4426.279119150609
original	gldm	LargeDependenceLowGrayLevelEmphasis	12.851994952684347
original	gldm	LowGrayLevelEmphasis	0.0570229872711643
original	gldm	SmallDependenceEmphasis	0.013887685840898664
original	gldm	SmallDependenceHighGrayLevelEmphasis	0.5321260325537818
original	gldm	SmallDependenceLowGrayLevelEmphasis	0.000640731872177497
original	glrlm	GrayLevelNonUniformity	1144.4476537447088
original	glrlm	GrayLevelNonUniformityNormalized	0.16836811329206292
original	glrlm	GrayLevelVariance	2.8933596235265138
original	glrlm	HighGrayLevelRunEmphasis	30.434793667769718
original	glrlm	LongRunEmphasis	6.278629037710748
original	glrlm	LongRunHighGrayLevelEmphasis	149.59638207507913
original	glrlm	LongRunLowGrayLevelEmphasis	0.3767772692430934
original	glrlm	LowGrayLevelRunEmphasis	0.053591755415940405
original	glrlm	RunEntropy	4.561262388988949
original	glrlm	RunLengthNonUniformity	2769.9565347658713
original	glrlm	RunLengthNonUniformityNormalized	0.3941785704301244
original	glrlm	RunPercentage	0.534837714389425
original	glrlm	RunVariance	2.4052800253433313
original	glrlm	ShortRunEmphasis	0.6355263558799604
original	glrlm	ShortRunHighGrayLevelEmphasis	21.02615301531116
original	glrlm	ShortRunLowGrayLevelEmphasis	0.0318522772331432
original	glszm	GrayLevelNonUniformity	10.83529411764706
original	glszm	GrayLevelNonUniformityNormalized	0.12747404844290658
original	glszm	GrayLevelVariance	7.2794463667820075
original	glszm	HighGrayLevelZoneEmphasis	50.529411764705884
original	glszm	LargeAreaEmphasis	335051.2588235294
original	glszm	LargeAreaHighGrayLevelEmphasis	7266252.482352941
original	glszm	LargeAreaLowGrayLevelEmphasis	18229.76265064215
original	glszm	LowGrayLevelZoneEmphasis	0.0764006830310943
original	glszm	SizeZoneNonUniformity	4.576470588235294
original	glszm	SizeZoneNonUniformityNormalized	0.05384083044982699
original	glszm	SmallAreaEmphasis	0.12384693053683068
original	glszm	SmallAreaHighGrayLevelEmphasis	8.412864332857492
original	glszm	SmallAreaLowGrayLevelEmphasis	0.0030933050699949514
original	glszm	ZoneEntropy	5.912159612531912
original	glszm	ZonePercentage	0.006685017695635077
original	glszm	ZoneVariance	312674.61868512107
original	ngtdm	Busyness	12.77577716375347
original	ngtdm	Coarseness	0.001375115759926364
original	ngtdm	Complexity	18.024488459014417
original	ngtdm	Contrast	0.016346416108335916
original	ngtdm	Strength	0.06819434418697186
