Image type	Feature Class	Feature Name	Segmentation_6_segment_tumora
diagnostics	Versions	PyRadiomics	v3.0.1.post15+g2791e23
diagnostics	Versions	Numpy	1.22.1
diagnostics	Versions	SimpleITK	2.2.0rc2.post15
diagnostics	Versions	PyWavelet	1.3.0
diagnostics	Versions	Python	3.9.10
diagnostics	Configuration	Settings	{'minimumROIDimensions': 2, 'minimumROISize': None, 'normalize': False, 'normalizeScale': 1, 'removeOutliers': None, 'resampledPixelSpacing': None, 'interpolator': 'sitkBSpline', 'preCrop': False, 'padDistance': 5, 'distances': [1], 'force2D': False, 'force2Ddimension': 0, 'resegmentRange': None, 'label': 1, 'additionalInfo': True, 'binWidth': 8.0, 'symmetricalGLCM': True, 'correctMask': True}
diagnostics	Configuration	EnabledImageTypes	{'Original': {}}
diagnostics	Image-original	Hash	db29871dccaf4b24a3feeeadda2f3ff81735982d
diagnostics	Image-original	Dimensionality	3D
diagnostics	Image-original	Spacing	(0.4218750000000003, 0.4218750000000003, 0.4218750000000001)
diagnostics	Image-original	Size	(53, 59, 50)
diagnostics	Image-original	Mean	81.58291653341861
diagnostics	Image-original	Minimum	0.0
diagnostics	Image-original	Maximum	192.0
diagnostics	Mask-original	Hash	6892574bafa00833e5906055ac9b7578ff64f01c
diagnostics	Mask-original	Spacing	(0.4218750000000003, 0.4218750000000003, 0.4218750000000001)
diagnostics	Mask-original	Size	(53, 59, 50)
diagnostics	Mask-original	BoundingBox	(5, 4, 4, 43, 47, 36)
diagnostics	Mask-original	VoxelNum	19388
diagnostics	Mask-original	VolumeNum	1
diagnostics	Mask-original	CenterOfMassIndex	(29.99288219517227, 30.579688467093046, 21.175778832267383)
diagnostics	Mask-original	CenterOfMass	(1.3810587140747206, 53.257881815263886, -96.64975273441085)
original	shape	Elongation	0.7123328313772701
original	shape	Flatness	0.6028372507095309
original	shape	LeastAxisLength	11.158674597345845
original	shape	MajorAxisLength	18.51026057897425
original	shape	Maximum2DDiameterColumn	18.14552986016805
original	shape	Maximum2DDiameterRow	20.166331054585154
original	shape	Maximum2DDiameterSlice	19.543333761957058
original	shape	Maximum3DDiameter	22.61659244683537
original	shape	MeshVolume	1451.8062086105328
original	shape	MinorAxisLength	13.185466327751794
original	shape	Sphericity	0.5986737619980296
original	shape	SurfaceArea	1035.6976700549717
original	shape	SurfaceVolumeRatio	0.7133856184884328
original	shape	VoxelVolume	1455.7418975830103
original	firstorder	10Percentile	67.0
original	firstorder	90Percentile	95.0
original	firstorder	Energy	131780351.0
original	firstorder	Entropy	2.571421932874113
original	firstorder	InterquartileRange	14.0
original	firstorder	Kurtosis	3.8307326136533533
original	firstorder	Maximum	149.0
original	firstorder	MeanAbsoluteDeviation	8.770960362755357
original	firstorder	Mean	81.64674025170208
original	firstorder	Median	82.0
original	firstorder	Minimum	45.0
original	firstorder	Range	104.0
original	firstorder	RobustMeanAbsoluteDeviation	5.858642140241039
original	firstorder	RootMeanSquared	82.44395630671798
original	firstorder	Skewness	0.03393563303463866
original	firstorder	TotalEnergy	9894686.312610641
original	firstorder	Uniformity	0.20470864296450123
original	firstorder	Variance	130.81573777511386
original	glcm	Autocorrelation	34.97966903846729
original	glcm	ClusterProminence	184.30515612429477
original	glcm	ClusterShade	-0.9997421937789522
original	glcm	ClusterTendency	7.109739614239289
original	glcm	Contrast	0.46961125396073905
original	glcm	Correlation	0.87515871309068
original	glcm	DifferenceAverage	0.4070779568798776
original	glcm	DifferenceEntropy	1.087344760709254
original	glcm	DifferenceVariance	0.2984600005829854
original	glcm	Id	0.8059370404762218
original	glcm	Idm	0.8026362228875203
original	glcm	Idmn	0.9976297269490418
original	glcm	Idn	0.9731159424622415
original	glcm	Imc1	-0.4381303789883096
original	glcm	Imc2	0.938257730727286
original	glcm	InverseVariance	0.3607517503535478
original	glcm	JointAverage	5.772314769032439
original	glcm	JointEnergy	0.10632994232040302
original	glcm	JointEntropy	3.884627292031323
original	glcm	MCC	0.8840595603534103
original	glcm	MaximumProbability	0.22445011932875303
original	glcm	SumAverage	11.544629538064877
original	glcm	SumEntropy	3.363761403288414
original	glcm	SumSquares	1.8948377170500064
original	gldm	DependenceEntropy	6.942552863654374
original	gldm	DependenceNonUniformity	884.0594181968228
original	gldm	DependenceNonUniformityNormalized	0.045598278223479616
original	gldm	DependenceVariance	36.56110255220943
original	gldm	GrayLevelNonUniformity	3968.89116979575
original	gldm	GrayLevelVariance	2.1347560713730394
original	gldm	HighGrayLevelEmphasis	35.41768103981845
original	gldm	LargeDependenceEmphasis	278.1175985145451
original	gldm	LargeDependenceHighGrayLevelEmphasis	9448.770682896637
original	gldm	LargeDependenceLowGrayLevelEmphasis	10.107868840041737
original	gldm	LowGrayLevelEmphasis	0.03960737565669411
original	gldm	SmallDependenceEmphasis	0.010156730041692588
original	gldm	SmallDependenceHighGrayLevelEmphasis	0.4564490896591175
original	gldm	SmallDependenceLowGrayLevelEmphasis	0.0005030808342596053
original	glrlm	GrayLevelNonUniformity	1466.62661195392
original	glrlm	GrayLevelNonUniformityNormalized	0.17137506700603566
original	glrlm	GrayLevelVariance	2.8435397532407913
original	glrlm	HighGrayLevelRunEmphasis	36.891102703394274
original	glrlm	LongRunEmphasis	9.619797324226257
original	glrlm	LongRunHighGrayLevelEmphasis	332.7884692621201
original	glrlm	LongRunLowGrayLevelEmphasis	0.3523012428100683
original	glrlm	LowGrayLevelRunEmphasis	0.0420932882407208
original	glrlm	RunEntropy	4.9456444694114925
original	glrlm	RunLengthNonUniformity	2666.3369891825414
original	glrlm	RunLengthNonUniformityNormalized	0.302333120288688
original	glrlm	RunPercentage	0.4406889273301487
original	glrlm	RunVariance	3.9750945202098813
original	glrlm	ShortRunEmphasis	0.5455725911236674
original	glrlm	ShortRunHighGrayLevelEmphasis	21.243115603354525
original	glrlm	ShortRunLowGrayLevelEmphasis	0.023798299309490453
original	glszm	GrayLevelNonUniformity	12.173076923076923
original	glszm	GrayLevelNonUniformityNormalized	0.11704881656804733
original	glszm	GrayLevelVariance	9.683062130177515
original	glszm	HighGrayLevelZoneEmphasis	57.34615384615385
original	glszm	LargeAreaEmphasis	682808.5384615385
original	glszm	LargeAreaHighGrayLevelEmphasis	23905721.846153848
original	glszm	LargeAreaLowGrayLevelEmphasis	21223.303014764148
original	glszm	LowGrayLevelZoneEmphasis	0.07622713529724588
original	glszm	SizeZoneNonUniformity	6.461538461538462
original	glszm	SizeZoneNonUniformityNormalized	0.0621301775147929
original	glszm	SmallAreaEmphasis	0.19415568881182163
original	glszm	SmallAreaHighGrayLevelEmphasis	12.056286476187966
original	glszm	SmallAreaLowGrayLevelEmphasis	0.020710487947546232
original	glszm	ZoneEntropy	6.293088487596831
original	glszm	ZonePercentage	0.005364142768722922
original	glszm	ZoneVariance	648054.9748520709
original	ngtdm	Busyness	9.345746584252087
original	ngtdm	Coarseness	0.0009614794925056182
original	ngtdm	Complexity	27.44685959522318
original	ngtdm	Contrast	0.006863868628436825
original	ngtdm	Strength	0.10553190616676356
