Image type	Feature Class	Feature Name	Segmentation_8_segment_tumora
diagnostics	Versions	PyRadiomics	v3.0.1.post15+g2791e23
diagnostics	Versions	Numpy	1.22.1
diagnostics	Versions	SimpleITK	2.2.0rc2.post15
diagnostics	Versions	PyWavelet	1.3.0
diagnostics	Versions	Python	3.9.10
diagnostics	Configuration	Settings	{'minimumROIDimensions': 2, 'minimumROISize': None, 'normalize': False, 'normalizeScale': 1, 'removeOutliers': None, 'resampledPixelSpacing': None, 'interpolator': 'sitkBSpline', 'preCrop': False, 'padDistance': 5, 'distances': [1], 'force2D': False, 'force2Ddimension': 0, 'resegmentRange': None, 'label': 1, 'additionalInfo': True, 'binWidth': 8.0, 'symmetricalGLCM': True, 'correctMask': True}
diagnostics	Configuration	EnabledImageTypes	{'Original': {}}
diagnostics	Image-original	Hash	3d85719fd3dff998b99df39916842a5e5bf9b7ca
diagnostics	Image-original	Dimensionality	3D
diagnostics	Image-original	Spacing	(0.3437499999999997, 0.3437499999999996, 0.34375000000000006)
diagnostics	Image-original	Size	(85, 91, 57)
diagnostics	Image-original	Mean	59.49114414996768
diagnostics	Image-original	Minimum	0.0
diagnostics	Image-original	Maximum	215.0
diagnostics	Mask-original	Hash	7662602cbeac5cada1c61deb1ff9b56334353dd3
diagnostics	Mask-original	Spacing	(0.3437499999999997, 0.3437499999999996, 0.34375000000000006)
diagnostics	Mask-original	Size	(85, 91, 57)
diagnostics	Mask-original	BoundingBox	(10, 8, 6, 66, 76, 34)
diagnostics	Mask-original	VoxelNum	84997
diagnostics	Mask-original	VolumeNum	1
diagnostics	Mask-original	CenterOfMassIndex	(45.04702518912432, 46.42657976163865, 25.41594409214443)
diagnostics	Mask-original	CenterOfMass	(16.940687561038715, 49.519774547092105, 12.738874354097838)
original	shape	Elongation	0.6214780642291172
original	shape	Flatness	0.4294154828372072
original	shape	LeastAxisLength	11.688594090147452
original	shape	MajorAxisLength	27.21977794773328
original	shape	Maximum2DDiameterColumn	22.176537784897786
original	shape	Maximum2DDiameterRow	25.982134035958225
original	shape	Maximum2DDiameterSlice	30.134545297921754
original	shape	Maximum3DDiameter	30.634277931346745
original	shape	MeshVolume	3449.8271916707313
original	shape	MinorAxisLength	16.91649490770369
original	shape	Sphericity	0.688282506805508
original	shape	SurfaceArea	1604.16469260292
original	shape	SurfaceVolumeRatio	0.46499856470376777
original	shape	VoxelVolume	3452.4843444824155
original	firstorder	10Percentile	45.0
original	firstorder	90Percentile	76.0
original	firstorder	Energy	331892761.0
original	firstorder	Entropy	2.757210740674745
original	firstorder	InterquartileRange	15.0
original	firstorder	Kurtosis	7.137309733757863
original	firstorder	Maximum	180.0
original	firstorder	MeanAbsoluteDeviation	10.0099111402896
original	firstorder	Mean	60.99957645563961
original	firstorder	Median	61.0
original	firstorder	Minimum	12.0
original	firstorder	Range	168.0
original	firstorder	RobustMeanAbsoluteDeviation	6.684165528736031
original	firstorder	RootMeanSquared	62.488067122084146
original	firstorder	Skewness	0.7756180932377016
original	firstorder	TotalEnergy	13481117.70297239
original	firstorder	Uniformity	0.18378509034491494
original	firstorder	Variance	183.81020488667127
original	glcm	Autocorrelation	53.738876318050075
original	glcm	ClusterProminence	652.3797247625259
original	glcm	ClusterShade	19.261063058483288
original	glcm	ClusterTendency	10.20272175547319
original	glcm	Contrast	0.6361082582723523
original	glcm	Correlation	0.8816873782460211
original	glcm	DifferenceAverage	0.4485299312147407
original	glcm	DifferenceEntropy	1.1941010865333308
original	glcm	DifferenceVariance	0.4247658124055413
original	glcm	Id	0.7986946909993727
original	glcm	Idm	0.7926185390639049
original	glcm	Idmn	0.9987030707661788
original	glcm	Idn	0.9808187551799319
original	glcm	Imc1	-0.4432432492541291
original	glcm	Imc2	0.9488154620320937
original	glcm	InverseVariance	0.3498474648562687
original	glcm	JointAverage	7.165688297192527
original	glcm	JointEnergy	0.09018421303672514
original	glcm	JointEntropy	4.210913347544208
original	glcm	MCC	0.8896635025148366
original	glcm	MaximumProbability	0.1842240361746662
original	glcm	SumAverage	14.331376594385054
original	glcm	SumEntropy	3.584096967889834
original	glcm	SumSquares	2.7097075034363862
original	gldm	DependenceEntropy	7.20535253913182
original	gldm	DependenceNonUniformity	3784.2913632245845
original	gldm	DependenceNonUniformityNormalized	0.04452264624898037
original	gldm	DependenceVariance	39.697374670146075
original	gldm	GrayLevelNonUniformity	15621.18132404673
original	gldm	GrayLevelVariance	2.9596511390233964
original	gldm	HighGrayLevelEmphasis	54.5973269644811
original	gldm	LargeDependenceEmphasis	300.02740096709294
original	gldm	LargeDependenceHighGrayLevelEmphasis	15650.485699495277
original	gldm	LargeDependenceLowGrayLevelEmphasis	6.853425791740276
original	gldm	LowGrayLevelEmphasis	0.024193913294584576
original	gldm	SmallDependenceEmphasis	0.010344387350680554
original	gldm	SmallDependenceHighGrayLevelEmphasis	0.8254561494684549
original	gldm	SmallDependenceLowGrayLevelEmphasis	0.00025651638672011403
original	glrlm	GrayLevelNonUniformity	5571.117651646943
original	glrlm	GrayLevelNonUniformityNormalized	0.1563914008533047
original	glrlm	GrayLevelVariance	4.2157146319456835
original	glrlm	HighGrayLevelRunEmphasis	57.619491788205146
original	glrlm	LongRunEmphasis	11.862628257773691
original	glrlm	LongRunHighGrayLevelEmphasis	626.6585298754661
original	glrlm	LongRunLowGrayLevelEmphasis	0.2705501994170546
original	glrlm	LowGrayLevelRunEmphasis	0.025289958417950533
original	glrlm	RunEntropy	5.288954572308025
original	glrlm	RunLengthNonUniformity	10701.945797007365
original	glrlm	RunLengthNonUniformityNormalized	0.2899977070627379
original	glrlm	RunPercentage	0.4178943872227165
original	glrlm	RunVariance	5.247400217972032
original	glrlm	ShortRunEmphasis	0.5323547353519905
original	glrlm	ShortRunHighGrayLevelEmphasis	32.798138316576804
original	glrlm	ShortRunLowGrayLevelEmphasis	0.013820706079569573
original	glszm	GrayLevelNonUniformity	27.833333333333332
original	glszm	GrayLevelNonUniformityNormalized	0.068218954248366
original	glszm	GrayLevelVariance	19.275657199154175
original	glszm	HighGrayLevelZoneEmphasis	121.39460784313725
original	glszm	LargeAreaEmphasis	2819446.8259803923
original	glszm	LargeAreaHighGrayLevelEmphasis	145550895.08088234
original	glszm	LargeAreaLowGrayLevelEmphasis	58384.9790106828
original	glszm	LowGrayLevelZoneEmphasis	0.03283225349111439
original	glszm	SizeZoneNonUniformity	25.485294117647058
original	glszm	SizeZoneNonUniformityNormalized	0.06246395617070358
original	glszm	SmallAreaEmphasis	0.21064201965709703
original	glszm	SmallAreaHighGrayLevelEmphasis	28.433390861280525
original	glszm	SmallAreaLowGrayLevelEmphasis	0.00432228890943949
original	glszm	ZoneEntropy	7.726732159551134
original	glszm	ZonePercentage	0.004800169417744156
original	glszm	ZoneVariance	2776047.1118740384
original	ngtdm	Busyness	17.1487346161494
original	ngtdm	Coarseness	0.0002412190712853017
original	ngtdm	Complexity	78.30903843516457
original	ngtdm	Contrast	0.003849472897870667
original	ngtdm	Strength	0.10651504945028256
