Image type	Feature Class	Feature Name	Segmentation_3_segment_tumora
diagnostics	Versions	PyRadiomics	v3.0.1.post15+g2791e23
diagnostics	Versions	Numpy	1.22.1
diagnostics	Versions	SimpleITK	2.2.0rc2.post15
diagnostics	Versions	PyWavelet	1.3.0
diagnostics	Versions	Python	3.9.10
diagnostics	Configuration	Settings	{'minimumROIDimensions': 2, 'minimumROISize': None, 'normalize': False, 'normalizeScale': 1, 'removeOutliers': None, 'resampledPixelSpacing': None, 'interpolator': 'sitkBSpline', 'preCrop': False, 'padDistance': 5, 'distances': [1], 'force2D': False, 'force2Ddimension': 0, 'resegmentRange': None, 'label': 1, 'additionalInfo': True, 'binWidth': 8.0, 'symmetricalGLCM': True, 'correctMask': True}
diagnostics	Configuration	EnabledImageTypes	{'Original': {}}
diagnostics	Image-original	Hash	4d7c2295f4d634a8f95e027f0d863569e74aca6b
diagnostics	Image-original	Dimensionality	3D
diagnostics	Image-original	Spacing	(0.3593749999999998, 0.35937499999999994, 0.3593749999999998)
diagnostics	Image-original	Size	(65, 62, 87)
diagnostics	Image-original	Mean	63.797102193320214
diagnostics	Image-original	Minimum	0.0
diagnostics	Image-original	Maximum	211.0
diagnostics	Mask-original	Hash	b32071b26cb7b2992356ae226f328dc79f0ed4ab
diagnostics	Mask-original	Spacing	(0.3593749999999998, 0.35937499999999994, 0.3593749999999998)
diagnostics	Mask-original	Size	(65, 62, 87)
diagnostics	Mask-original	BoundingBox	(9, 4, 17, 52, 52, 43)
diagnostics	Mask-original	VoxelNum	48050
diagnostics	Mask-original	VolumeNum	1
diagnostics	Mask-original	CenterOfMassIndex	(38.344703433922994, 30.777939646201872, 40.455941727367325)
diagnostics	Mask-original	CenterOfMass	(17.538443046756147, 49.52932769165782, -20.56759887017581)
original	shape	Elongation	0.7993171771202984
original	shape	Flatness	0.5702910035004461
original	shape	LeastAxisLength	11.457457150486219
original	shape	MajorAxisLength	20.09054514302408
original	shape	Maximum2DDiameterColumn	20.862330080943728
original	shape	Maximum2DDiameterRow	20.53475165154487
original	shape	Maximum2DDiameterSlice	22.179581553551106
original	shape	Maximum3DDiameter	27.201150488363986
original	shape	MeshVolume	2227.577361106874
original	shape	MinorAxisLength	16.05871783052993
original	shape	Sphericity	0.6417472752806508
original	shape	SurfaceArea	1285.3121750545304
original	shape	SurfaceVolumeRatio	0.5770000169223591
original	shape	VoxelVolume	2230.16490936279
original	firstorder	10Percentile	32.0
original	firstorder	90Percentile	61.0
original	firstorder	Energy	105671088.0
original	firstorder	Entropy	2.6032329703974395
original	firstorder	InterquartileRange	14.0
original	firstorder	Kurtosis	5.639148232190414
original	firstorder	Maximum	125.0
original	firstorder	MeanAbsoluteDeviation	9.317570818638668
original	firstorder	Mean	45.22747138397503
original	firstorder	Median	44.0
original	firstorder	Minimum	14.0
original	firstorder	Range	111.0
original	firstorder	RobustMeanAbsoluteDeviation	6.243468598967207
original	firstorder	RootMeanSquared	46.895524060394756
original	firstorder	Skewness	1.0992222936852618
original	firstorder	TotalEnergy	4904556.761535637
original	firstorder	Uniformity	0.20251803781397504
original	firstorder	Variance	153.66600911078362
original	glcm	Autocorrelation	28.183520908518144
original	glcm	ClusterProminence	369.7847447836967
original	glcm	ClusterShade	23.66037747055952
original	glcm	ClusterTendency	8.348974929670387
original	glcm	Contrast	0.5964095286227505
original	glcm	Correlation	0.8655722818749366
original	glcm	DifferenceAverage	0.4593893583325296
original	glcm	DifferenceEntropy	1.1873614410633784
original	glcm	DifferenceVariance	0.3756825967376255
original	glcm	Id	0.7891876575331731
original	glcm	Idm	0.7833528918601915
original	glcm	Idmn	0.9973935994140616
original	glcm	Idn	0.971768204700557
original	glcm	Imc1	-0.4100888321566386
original	glcm	Imc2	0.9297062101782912
original	glcm	InverseVariance	0.37230228309177504
original	glcm	JointAverage	5.1229492813348925
original	glcm	JointEnergy	0.0989045944538308
original	glcm	JointEntropy	4.036052497915306
original	glcm	MCC	0.8706975640400472
original	glcm	MaximumProbability	0.19820898773671589
original	glcm	SumAverage	10.245898562669785
original	glcm	SumEntropy	3.4207704268090753
original	glcm	SumSquares	2.2363461145732835
original	gldm	DependenceEntropy	6.9532112972481706
original	gldm	DependenceNonUniformity	2142.005577523413
original	gldm	DependenceNonUniformityNormalized	0.044578680073328054
original	gldm	DependenceVariance	37.639600963703046
original	gldm	GrayLevelNonUniformity	9730.991716961498
original	gldm	GrayLevelVariance	2.4848516129032263
original	gldm	HighGrayLevelEmphasis	29.71304890738814
original	gldm	LargeDependenceEmphasis	274.713714880333
original	gldm	LargeDependenceHighGrayLevelEmphasis	6747.619812695109
original	gldm	LargeDependenceLowGrayLevelEmphasis	14.306127731280627
original	gldm	LowGrayLevelEmphasis	0.04830456078275656
original	gldm	SmallDependenceEmphasis	0.010960496152978717
original	gldm	SmallDependenceHighGrayLevelEmphasis	0.5561255711741951
original	gldm	SmallDependenceLowGrayLevelEmphasis	0.00046347895281940836
original	glrlm	GrayLevelNonUniformity	3694.420323568081
original	glrlm	GrayLevelNonUniformityNormalized	0.17168372433279558
original	glrlm	GrayLevelVariance	3.285833654578058
original	glrlm	HighGrayLevelRunEmphasis	34.44358746023134
original	glrlm	LongRunEmphasis	10.196325679920658
original	glrlm	LongRunHighGrayLevelEmphasis	261.2099529222897
original	glrlm	LongRunLowGrayLevelEmphasis	0.5180688085441203
original	glrlm	LowGrayLevelRunEmphasis	0.04487822179758129
original	glrlm	RunEntropy	4.950759456965662
original	glrlm	RunLengthNonUniformity	6966.306590803166
original	glrlm	RunLengthNonUniformityNormalized	0.31342880069826035
original	glrlm	RunPercentage	0.4462611062194829
original	glrlm	RunVariance	4.393489406216846
original	glrlm	ShortRunEmphasis	0.5598949374392633
original	glrlm	ShortRunHighGrayLevelEmphasis	22.09764319124826
original	glrlm	ShortRunLowGrayLevelEmphasis	0.022808429344981434
original	glszm	GrayLevelNonUniformity	22.13157894736842
original	glszm	GrayLevelNonUniformityNormalized	0.09706832871652817
original	glszm	GrayLevelVariance	10.832871652816252
original	glszm	HighGrayLevelZoneEmphasis	78.24561403508773
original	glszm	LargeAreaEmphasis	1904435.9473684211
original	glszm	LargeAreaHighGrayLevelEmphasis	47410452.868421055
original	glszm	LargeAreaLowGrayLevelEmphasis	85919.91217075115
original	glszm	LowGrayLevelZoneEmphasis	0.05238031662151858
original	glszm	SizeZoneNonUniformity	13.482456140350877
original	glszm	SizeZoneNonUniformityNormalized	0.05913357956294244
original	glszm	SmallAreaEmphasis	0.20159967721534655
original	glszm	SmallAreaHighGrayLevelEmphasis	16.792192880396552
original	glszm	SmallAreaLowGrayLevelEmphasis	0.018778514544595525
original	glszm	ZoneEntropy	7.106587043139168
original	glszm	ZonePercentage	0.004745057232049948
original	glszm	ZoneVariance	1860022.2335333945
original	ngtdm	Busyness	25.43079211291279
original	ngtdm	Coarseness	0.0003758679816433395
original	ngtdm	Complexity	35.536659026319995
original	ngtdm	Contrast	0.0073613855233207555
original	ngtdm	Strength	0.0579878856587688
