Image type	Feature Class	Feature Name	Segmentation_11_segment_fat
diagnostics	Versions	PyRadiomics	v3.0.1.post15+g2791e23
diagnostics	Versions	Numpy	1.22.1
diagnostics	Versions	SimpleITK	2.2.0rc2.post15
diagnostics	Versions	PyWavelet	1.3.0
diagnostics	Versions	Python	3.9.10
diagnostics	Configuration	Settings	{'minimumROIDimensions': 2, 'minimumROISize': None, 'normalize': False, 'normalizeScale': 1, 'removeOutliers': None, 'resampledPixelSpacing': None, 'interpolator': 'sitkBSpline', 'preCrop': False, 'padDistance': 5, 'distances': [1], 'force2D': False, 'force2Ddimension': 0, 'resegmentRange': None, 'label': 1, 'additionalInfo': True, 'binWidth': 8.0, 'symmetricalGLCM': True, 'correctMask': True}
diagnostics	Configuration	EnabledImageTypes	{'Original': {}}
diagnostics	Image-original	Hash	15237ab4b57e59ededebfdb7aa032723706d5695
diagnostics	Image-original	Dimensionality	3D
diagnostics	Image-original	Spacing	(0.3125, 0.31250000000000056, 0.3124999999999999)
diagnostics	Image-original	Size	(71, 63, 62)
diagnostics	Image-original	Mean	57.65226123767696
diagnostics	Image-original	Minimum	0.0
diagnostics	Image-original	Maximum	218.0
diagnostics	Mask-original	Hash	a735120444b1bfa1a07d8468b12e9254715b5f3e
diagnostics	Mask-original	Spacing	(0.3125, 0.31250000000000056, 0.3124999999999999)
diagnostics	Mask-original	Size	(71, 63, 62)
diagnostics	Mask-original	BoundingBox	(6, 9, 7, 58, 49, 37)
diagnostics	Mask-original	VoxelNum	37775
diagnostics	Mask-original	VolumeNum	1
diagnostics	Mask-original	CenterOfMassIndex	(35.674970218398414, 29.564050297816017, 26.596293845135673)
diagnostics	Mask-original	CenterOfMass	(-23.24940837041693, 25.246450626114637, -211.19630199322015)
original	shape	Elongation	0.7278659699206088
original	shape	Flatness	0.5784646797434624
original	shape	LeastAxisLength	9.85818734971272
original	shape	MajorAxisLength	17.04198665004859
original	shape	Maximum2DDiameterColumn	18.508866118701057
original	shape	Maximum2DDiameterRow	16.21390221384108
original	shape	Maximum2DDiameterSlice	18.296601460380558
original	shape	Maximum3DDiameter	19.558106535398572
original	shape	MeshVolume	1151.065826416011
original	shape	MinorAxisLength	12.404282142411684
original	shape	Sphericity	0.6514588866521251
original	shape	SurfaceArea	815.3246112854503
original	shape	SurfaceVolumeRatio	0.7083214465883906
original	shape	VoxelVolume	1152.8015136718766
original	firstorder	10Percentile	42.0
original	firstorder	90Percentile	65.0
original	firstorder	Energy	112324849.0
original	firstorder	Entropy	2.3211631467239418
original	firstorder	InterquartileRange	12.0
original	firstorder	Kurtosis	3.7685311709941787
original	firstorder	Maximum	105.0
original	firstorder	MeanAbsoluteDeviation	7.351468976020106
original	firstorder	Mean	53.70019854401059
original	firstorder	Median	54.0
original	firstorder	Minimum	19.0
original	firstorder	Range	86.0
original	firstorder	RobustMeanAbsoluteDeviation	5.088787718185929
original	firstorder	RootMeanSquared	54.53002354576836
original	firstorder	Skewness	0.07710132393233766
original	firstorder	TotalEnergy	3427882.354736333
original	firstorder	Uniformity	0.24081946563497944
original	firstorder	Variance	89.81214423589462
original	glcm	Autocorrelation	29.0519127980981
original	glcm	ClusterProminence	101.08619089489555
original	glcm	ClusterShade	0.5392712533515783
original	glcm	ClusterTendency	5.246294356809263
original	glcm	Contrast	0.4344943320075333
original	glcm	Correlation	0.846721317655643
original	glcm	DifferenceAverage	0.39017351713376125
original	glcm	DifferenceEntropy	1.0364548730629612
original	glcm	DifferenceVariance	0.2724564436138125
original	glcm	Id	0.8118850972753221
original	glcm	Idm	0.809323160465341
original	glcm	Idmn	0.9970187955723738
original	glcm	Idn	0.9702263340514945
original	glcm	Imc1	-0.41450421555778766
original	glcm	Imc2	0.9138898895411315
original	glcm	InverseVariance	0.3551559548599309
original	glcm	JointAverage	5.277210268556345
original	glcm	JointEnergy	0.12087944291769308
original	glcm	JointEntropy	3.630702109417082
original	glcm	MCC	0.8528592509735897
original	glcm	MaximumProbability	0.22741127772909558
original	glcm	SumAverage	10.554420537112689
original	glcm	SumEntropy	3.144165846970544
original	glcm	SumSquares	1.4201971722041995
original	gldm	DependenceEntropy	6.7279543952461465
original	gldm	DependenceNonUniformity	1865.9425810721377
original	gldm	DependenceNonUniformityNormalized	0.04939622980998379
original	gldm	DependenceVariance	31.91604707696175
original	gldm	GrayLevelNonUniformity	9096.95531436135
original	gldm	GrayLevelVariance	1.4860679247398627
original	gldm	HighGrayLevelEmphasis	29.32590337524818
original	gldm	LargeDependenceEmphasis	293.8365320979484
original	gldm	LargeDependenceHighGrayLevelEmphasis	8379.04105890139
original	gldm	LargeDependenceLowGrayLevelEmphasis	12.830168427448779
original	gldm	LowGrayLevelEmphasis	0.045009230203111365
original	gldm	SmallDependenceEmphasis	0.007945307818837604
original	gldm	SmallDependenceHighGrayLevelEmphasis	0.2562387137383138
original	gldm	SmallDependenceLowGrayLevelEmphasis	0.0004540842546540681
original	glrlm	GrayLevelNonUniformity	3444.7783802240224
original	glrlm	GrayLevelNonUniformityNormalized	0.21851621760021928
original	glrlm	GrayLevelVariance	1.78711970803322
original	glrlm	HighGrayLevelRunEmphasis	30.10131844892077
original	glrlm	LongRunEmphasis	12.427946705822261
original	glrlm	LongRunHighGrayLevelEmphasis	354.75403354951345
original	glrlm	LongRunLowGrayLevelEmphasis	0.5423372940722491
original	glrlm	LowGrayLevelRunEmphasis	0.04634987794579727
original	glrlm	RunEntropy	4.804521770654508
original	glrlm	RunLengthNonUniformity	4418.415271397453
original	glrlm	RunLengthNonUniformityNormalized	0.2668108177334934
original	glrlm	RunPercentage	0.41600162907906124
original	glrlm	RunVariance	4.6697417576470635
original	glrlm	ShortRunEmphasis	0.4902028168142802
original	glrlm	ShortRunHighGrayLevelEmphasis	15.185113455464299
original	glrlm	ShortRunLowGrayLevelEmphasis	0.02327610065877188
original	glszm	GrayLevelNonUniformity	17.527131782945737
original	glszm	GrayLevelNonUniformityNormalized	0.13586923862748632
original	glszm	GrayLevelVariance	7.280812451174809
original	glszm	HighGrayLevelZoneEmphasis	38.51937984496124
original	glszm	LargeAreaEmphasis	2510990.968992248
original	glszm	LargeAreaHighGrayLevelEmphasis	70386772.94573644
original	glszm	LargeAreaLowGrayLevelEmphasis	97243.32250405324
original	glszm	LowGrayLevelZoneEmphasis	0.0883482091456562
original	glszm	SizeZoneNonUniformity	6.503875968992248
original	glszm	SizeZoneNonUniformityNormalized	0.05041764317048254
original	glszm	SmallAreaEmphasis	0.1929976815801478
original	glszm	SmallAreaHighGrayLevelEmphasis	7.388536184186314
original	glszm	SmallAreaLowGrayLevelEmphasis	0.025993179760083904
original	glszm	ZoneEntropy	6.53440729414937
original	glszm	ZonePercentage	0.003414956982131039
original	glszm	ZoneVariance	2425241.877891953
original	ngtdm	Busyness	27.67707980175809
original	ngtdm	Coarseness	0.0004186885844488428
original	ngtdm	Complexity	19.598693659840684
original	ngtdm	Contrast	0.006470710658100031
original	ngtdm	Strength	0.03294106089969916
