Image type	Feature Class	Feature Name	Segmentation_12_segment_tumora
diagnostics	Versions	PyRadiomics	v3.0.1.post15+g2791e23
diagnostics	Versions	Numpy	1.22.1
diagnostics	Versions	SimpleITK	2.2.0rc2.post15
diagnostics	Versions	PyWavelet	1.3.0
diagnostics	Versions	Python	3.9.10
diagnostics	Configuration	Settings	{'minimumROIDimensions': 2, 'minimumROISize': None, 'normalize': False, 'normalizeScale': 1, 'removeOutliers': None, 'resampledPixelSpacing': None, 'interpolator': 'sitkBSpline', 'preCrop': False, 'padDistance': 5, 'distances': [1], 'force2D': False, 'force2Ddimension': 0, 'resegmentRange': None, 'label': 1, 'additionalInfo': True, 'binWidth': 8.0, 'symmetricalGLCM': True, 'correctMask': True}
diagnostics	Configuration	EnabledImageTypes	{'Original': {}}
diagnostics	Image-original	Hash	0b03889c3af8c86566d88d6b241248ec3d3ec0a1
diagnostics	Image-original	Dimensionality	3D
diagnostics	Image-original	Spacing	(0.39062500000000017, 0.3906250000000007, 0.39062499999999994)
diagnostics	Image-original	Size	(48, 51, 60)
diagnostics	Image-original	Mean	52.37879221132898
diagnostics	Image-original	Minimum	0.0
diagnostics	Image-original	Maximum	161.0
diagnostics	Mask-original	Hash	a516f7f144456cabae7cb7f96843279b1043ed7e
diagnostics	Mask-original	Spacing	(0.3906250000000001, 0.3906250000000007, 0.390625)
diagnostics	Mask-original	Size	(48, 51, 60)
diagnostics	Mask-original	BoundingBox	(3, 3, 5, 41, 45, 40)
diagnostics	Mask-original	VoxelNum	30240
diagnostics	Mask-original	VolumeNum	1
diagnostics	Mask-original	CenterOfMassIndex	(24.294973544973544, 25.786044973544975, 22.343915343915345)
diagnostics	Mask-original	CenterOfMass	(-14.854622611722721, 29.23057410061726, 80.1779335189364)
original	shape	Elongation	0.7908930177781295
original	shape	Flatness	0.6280097557772382
original	shape	LeastAxisLength	11.511108031103968
original	shape	MajorAxisLength	18.32950511550187
original	shape	Maximum2DDiameterColumn	20.50688241938545
original	shape	Maximum2DDiameterRow	21.02128757355269
original	shape	Maximum2DDiameterSlice	17.81524101717405
original	shape	Maximum3DDiameter	23.352711215054903
original	shape	MeshVolume	1799.2729942003916
original	shape	MinorAxisLength	14.496677615178937
original	shape	Sphericity	0.6710872058809672
original	shape	SurfaceArea	1066.0310955676237
original	shape	SurfaceVolumeRatio	0.5924787950487606
original	shape	VoxelVolume	1802.4444580078166
original	firstorder	10Percentile	39.0
original	firstorder	90Percentile	63.0
original	firstorder	Energy	79962535.0
original	firstorder	Entropy	2.3832147838083686
original	firstorder	InterquartileRange	12.0
original	firstorder	Kurtosis	4.749490788460281
original	firstorder	Maximum	103.0
original	firstorder	MeanAbsoluteDeviation	7.692204264035861
original	firstorder	Mean	50.3900462962963
original	firstorder	Median	50.0
original	firstorder	Minimum	12.0
original	firstorder	Range	91.0
original	firstorder	RobustMeanAbsoluteDeviation	5.0632706064503346
original	firstorder	RootMeanSquared	51.422404879050276
original	firstorder	Skewness	0.704735535484336
original	firstorder	TotalEnergy	4766138.49401475
original	firstorder	Uniformity	0.2381930403334173
original	firstorder	Variance	105.10695780208945
original	glcm	Autocorrelation	35.113291813795016
original	glcm	ClusterProminence	158.53209204083186
original	glcm	ClusterShade	9.10095548175468
original	glcm	ClusterTendency	5.851633212123838
original	glcm	Contrast	0.4126379055331271
original	glcm	Correlation	0.8675567695461789
original	glcm	DifferenceAverage	0.36157397872765923
original	glcm	DifferenceEntropy	1.0324064322626505
original	glcm	DifferenceVariance	0.27670625261361764
original	glcm	Id	0.8271995309216559
original	glcm	Idm	0.8243062256254147
original	glcm	Idmn	0.9971719752649967
original	glcm	Idn	0.9724624651883699
original	glcm	Imc1	-0.4437710105853796
original	glcm	Imc2	0.9293815617597184
original	glcm	InverseVariance	0.32175063610241883
original	glcm	JointAverage	5.809748685219265
original	glcm	JointEnergy	0.13439935234698794
original	glcm	JointEntropy	3.6001260489000746
original	glcm	MCC	0.8721224211161215
original	glcm	MaximumProbability	0.25228382985199554
original	glcm	SumAverage	11.619497370438532
original	glcm	SumEntropy	3.145252494586191
original	glcm	SumSquares	1.5660677794142415
original	gldm	DependenceEntropy	6.704021693949997
original	gldm	DependenceNonUniformity	1400.3998015873017
original	gldm	DependenceNonUniformityNormalized	0.046309517248257326
original	gldm	DependenceVariance	41.02895817586294
original	gldm	GrayLevelNonUniformity	7202.957539682539
original	gldm	GrayLevelVariance	1.726596395502645
original	gldm	HighGrayLevelEmphasis	36.09550264550265
original	gldm	LargeDependenceEmphasis	326.3707671957672
original	gldm	LargeDependenceHighGrayLevelEmphasis	10557.460052910053
original	gldm	LargeDependenceLowGrayLevelEmphasis	11.58394943786484
original	gldm	LowGrayLevelEmphasis	0.034608727825009115
original	gldm	SmallDependenceEmphasis	0.008543797741676124
original	gldm	SmallDependenceHighGrayLevelEmphasis	0.41805586477997364
original	gldm	SmallDependenceLowGrayLevelEmphasis	0.00027089940507044627
original	glrlm	GrayLevelNonUniformity	2289.623772095719
original	glrlm	GrayLevelNonUniformityNormalized	0.19410798042342658
original	glrlm	GrayLevelVariance	2.3894154474176315
original	glrlm	HighGrayLevelRunEmphasis	40.21486100900691
original	glrlm	LongRunEmphasis	13.580297825993531
original	glrlm	LongRunHighGrayLevelEmphasis	450.24181872417034
original	glrlm	LongRunLowGrayLevelEmphasis	0.4729211429037124
original	glrlm	LowGrayLevelRunEmphasis	0.03363916966054799
original	glrlm	RunEntropy	4.996754076271464
original	glrlm	RunLengthNonUniformity	3265.3385282281183
original	glrlm	RunLengthNonUniformityNormalized	0.26821692358807814
original	glrlm	RunPercentage	0.3887667887667888
original	glrlm	RunVariance	6.185410177131497
original	glrlm	ShortRunEmphasis	0.509503194074737
original	glrlm	ShortRunHighGrayLevelEmphasis	22.769450433094544
original	glrlm	ShortRunLowGrayLevelEmphasis	0.016389588351712035
original	glszm	GrayLevelNonUniformity	18.328125
original	glszm	GrayLevelNonUniformityNormalized	0.1431884765625
original	glszm	GrayLevelVariance	7.46136474609375
original	glszm	HighGrayLevelZoneEmphasis	62.4296875
original	glszm	LargeAreaEmphasis	1633651.171875
original	glszm	LargeAreaHighGrayLevelEmphasis	54282549.9375
original	glszm	LargeAreaLowGrayLevelEmphasis	52314.99356284125
original	glszm	LowGrayLevelZoneEmphasis	0.0442489282740568
original	glszm	SizeZoneNonUniformity	7.203125
original	glszm	SizeZoneNonUniformityNormalized	0.0562744140625
original	glszm	SmallAreaEmphasis	0.20513217418228688
original	glszm	SmallAreaHighGrayLevelEmphasis	15.556957310496609
original	glszm	SmallAreaLowGrayLevelEmphasis	0.005266121751133489
original	glszm	ZoneEntropy	6.479459449350822
original	glszm	ZonePercentage	0.004232804232804233
original	glszm	ZoneVariance	1577837.109375
original	ngtdm	Busyness	18.522257010729987
original	ngtdm	Coarseness	0.0005816903861804751
original	ngtdm	Complexity	17.41568755508169
original	ngtdm	Contrast	0.0070647780095634055
original	ngtdm	Strength	0.04128990956654702
