Image type	Feature Class	Feature Name	Segmentation_17_segment_tumora
diagnostics	Versions	PyRadiomics	v3.0.1.post15+g2791e23
diagnostics	Versions	Numpy	1.22.1
diagnostics	Versions	SimpleITK	2.2.0rc2.post15
diagnostics	Versions	PyWavelet	1.3.0
diagnostics	Versions	Python	3.9.10
diagnostics	Configuration	Settings	{'minimumROIDimensions': 2, 'minimumROISize': None, 'normalize': False, 'normalizeScale': 1, 'removeOutliers': None, 'resampledPixelSpacing': None, 'interpolator': 'sitkBSpline', 'preCrop': False, 'padDistance': 5, 'distances': [1], 'force2D': False, 'force2Ddimension': 0, 'resegmentRange': None, 'label': 1, 'additionalInfo': True, 'binWidth': 8.0, 'symmetricalGLCM': True, 'correctMask': True}
diagnostics	Configuration	EnabledImageTypes	{'Original': {}}
diagnostics	Image-original	Hash	51f7cd600a4424e41b9e12c65d03dab1bf1ec049
diagnostics	Image-original	Dimensionality	3D
diagnostics	Image-original	Spacing	(0.3125, 0.31250000000000033, 0.3125)
diagnostics	Image-original	Size	(93, 110, 112)
diagnostics	Image-original	Mean	42.75079859656473
diagnostics	Image-original	Minimum	0.0
diagnostics	Image-original	Maximum	157.0
diagnostics	Mask-original	Hash	ec0826d9a0888886fb4c295495490a247826f3d3
diagnostics	Mask-original	Spacing	(0.3125, 0.31250000000000033, 0.3125)
diagnostics	Mask-original	Size	(93, 110, 112)
diagnostics	Mask-original	BoundingBox	(7, 4, 7, 81, 101, 87)
diagnostics	Mask-original	VoxelNum	286839
diagnostics	Mask-original	VolumeNum	1
diagnostics	Mask-original	CenterOfMassIndex	(45.604997925665614, 56.377033806421025, 54.468621770400816)
diagnostics	Mask-original	CenterOfMass	(4.982092891784919, 33.123340723755504, -150.89994701832555)
original	shape	Elongation	0.8454983924656041
original	shape	Flatness	0.7613767568298846
original	shape	LeastAxisLength	20.832309480010267
original	shape	MajorAxisLength	27.361367802648665
original	shape	Maximum2DDiameterColumn	30.055287596361477
original	shape	Maximum2DDiameterRow	33.56721335619031
original	shape	Maximum2DDiameterSlice	31.474195780035462
original	shape	Maximum3DDiameter	33.74276542831072
original	shape	MeshVolume	8750.741322835282
original	shape	MinorAxisLength	23.133992492799585
original	shape	Sphericity	0.6472091705400268
original	shape	SurfaceArea	3172.9947937799943
original	shape	SurfaceVolumeRatio	0.3625972562461633
original	shape	VoxelVolume	8753.631591796884
original	firstorder	10Percentile	35.0
original	firstorder	90Percentile	58.0
original	firstorder	Energy	636965470.0
original	firstorder	Entropy	2.314405437235174
original	firstorder	InterquartileRange	12.0
original	firstorder	Kurtosis	3.7052061633199833
original	firstorder	Maximum	104.0
original	firstorder	MeanAbsoluteDeviation	7.300335855622331
original	firstorder	Mean	46.1738117898891
original	firstorder	Median	46.0
original	firstorder	Minimum	5.0
original	firstorder	Range	99.0
original	firstorder	RobustMeanAbsoluteDeviation	5.0375974018115315
original	firstorder	RootMeanSquared	47.12364167875453
original	firstorder	Skewness	0.14137693167142557
original	firstorder	TotalEnergy	19438643.493652366
original	firstorder	Uniformity	0.24199040276618636
original	firstorder	Variance	88.6167098595494
original	glcm	Autocorrelation	41.256384879389884
original	glcm	ClusterProminence	96.77899879155422
original	glcm	ClusterShade	1.5031592118375416
original	glcm	ClusterTendency	5.210248962927504
original	glcm	Contrast	0.44289374671423765
original	glcm	Correlation	0.8429901067907214
original	glcm	DifferenceAverage	0.39402480447496
original	glcm	DifferenceEntropy	1.0472466620863121
original	glcm	DifferenceVariance	0.277323729150892
original	glcm	Id	0.8108260560872274
original	glcm	Idm	0.8078696788547775
original	glcm	Idmn	0.9977603549316618
original	glcm	Idn	0.9739334688554153
original	glcm	Imc1	-0.4082799518167279
original	glcm	Imc2	0.9105317940099535
original	glcm	InverseVariance	0.35412410014809137
original	glcm	JointAverage	6.329655872540457
original	glcm	JointEnergy	0.1219399445710453
original	glcm	JointEntropy	3.642552149271767
original	glcm	MCC	0.8432883878857518
original	glcm	MaximumProbability	0.23200352369161562
original	glcm	SumAverage	12.659311745080911
original	glcm	SumEntropy	3.1412221751148994
original	glcm	SumSquares	1.4132856774104356
original	gldm	DependenceEntropy	6.705687080719516
original	gldm	DependenceNonUniformity	14032.305282754438
original	gldm	DependenceNonUniformityNormalized	0.048920492969067794
original	gldm	DependenceVariance	33.531765451073866
original	gldm	GrayLevelNonUniformity	69412.28513905013
original	gldm	GrayLevelVariance	1.4667030805044516
original	gldm	HighGrayLevelEmphasis	41.574325667011806
original	gldm	LargeDependenceEmphasis	314.0211303204934
original	gldm	LargeDependenceHighGrayLevelEmphasis	12741.734833826642
original	gldm	LargeDependenceLowGrayLevelEmphasis	8.74737457489381
original	gldm	LowGrayLevelEmphasis	0.02847234481489567
original	gldm	SmallDependenceEmphasis	0.006823100318059597
original	gldm	SmallDependenceHighGrayLevelEmphasis	0.30548518583651213
original	gldm	SmallDependenceLowGrayLevelEmphasis	0.00022099357068726465
original	glrlm	GrayLevelNonUniformity	24163.43313862552
original	glrlm	GrayLevelNonUniformityNormalized	0.21297495494779686
original	glrlm	GrayLevelVariance	1.8478370313712025
original	glrlm	HighGrayLevelRunEmphasis	42.66630316148565
original	glrlm	LongRunEmphasis	16.78782880588764
original	glrlm	LongRunHighGrayLevelEmphasis	683.2267259888329
original	glrlm	LongRunLowGrayLevelEmphasis	0.46543603824180213
original	glrlm	LowGrayLevelRunEmphasis	0.029094500334917835
original	glrlm	RunEntropy	4.944612098437554
original	glrlm	RunLengthNonUniformity	30969.84751432305
original	glrlm	RunLengthNonUniformityNormalized	0.25825377614519807
original	glrlm	RunPercentage	0.39431474155831725
original	glrlm	RunVariance	7.2432608032067325
original	glrlm	ShortRunEmphasis	0.4812647937083143
original	glrlm	ShortRunHighGrayLevelEmphasis	21.086188601237073
original	glrlm	ShortRunLowGrayLevelEmphasis	0.014265031310082922
original	glszm	GrayLevelNonUniformity	68.54181818181819
original	glszm	GrayLevelNonUniformityNormalized	0.12462148760330578
original	glszm	GrayLevelVariance	7.813953719008265
original	glszm	HighGrayLevelZoneEmphasis	53.63454545454545
original	glszm	LargeAreaEmphasis	32522200.514545456
original	glszm	LargeAreaHighGrayLevelEmphasis	1332637924.4981818
original	glszm	LargeAreaLowGrayLevelEmphasis	831052.6177332352
original	glszm	LowGrayLevelZoneEmphasis	0.049150602408343534
original	glszm	SizeZoneNonUniformity	16.029090909090908
original	glszm	SizeZoneNonUniformityNormalized	0.029143801652892563
original	glszm	SmallAreaEmphasis	0.12792533500969178
original	glszm	SmallAreaHighGrayLevelEmphasis	7.417024629403709
original	glszm	SmallAreaLowGrayLevelEmphasis	0.006216869849227801
original	glszm	ZoneEntropy	8.123345213467765
original	glszm	ZonePercentage	0.0019174519503972612
original	glszm	ZoneVariance	32250211.71480661
original	ngtdm	Busyness	140.09525060025604
original	ngtdm	Coarseness	5.551943937703364e-05
original	ngtdm	Complexity	26.733918276267207
original	ngtdm	Contrast	0.004588245176343133
original	ngtdm	Strength	0.00654210141233946
