Image type	Feature Class	Feature Name	Segmentation_8_segment_tumora
diagnostics	Versions	PyRadiomics	v3.0.1.post15+g2791e23
diagnostics	Versions	Numpy	1.22.1
diagnostics	Versions	SimpleITK	2.2.0rc2.post15
diagnostics	Versions	PyWavelet	1.3.0
diagnostics	Versions	Python	3.9.10
diagnostics	Configuration	Settings	{'minimumROIDimensions': 2, 'minimumROISize': None, 'normalize': False, 'normalizeScale': 1, 'removeOutliers': None, 'resampledPixelSpacing': None, 'interpolator': 'sitkBSpline', 'preCrop': False, 'padDistance': 5, 'distances': [1], 'force2D': False, 'force2Ddimension': 0, 'resegmentRange': None, 'label': 1, 'additionalInfo': True, 'binWidth': 8.0, 'symmetricalGLCM': True, 'correctMask': True}
diagnostics	Configuration	EnabledImageTypes	{'Original': {}}
diagnostics	Image-original	Hash	f3a9f943ea892087eb08e0f77deaa8fb3d0b93a5
diagnostics	Image-original	Dimensionality	3D
diagnostics	Image-original	Spacing	(0.3281250000000002, 0.3281250000000002, 0.32812499999999983)
diagnostics	Image-original	Size	(59, 75, 95)
diagnostics	Image-original	Mean	59.12097056199821
diagnostics	Image-original	Minimum	0.0
diagnostics	Image-original	Maximum	159.0
diagnostics	Mask-original	Hash	000d14757a0bca9f3bd0c038da1f6e5a2ff8e8bb
diagnostics	Mask-original	Spacing	(0.3281250000000002, 0.32812500000000033, 0.3281249999999999)
diagnostics	Mask-original	Size	(59, 75, 95)
diagnostics	Mask-original	BoundingBox	(4, 4, 6, 52, 67, 72)
diagnostics	Mask-original	VoxelNum	61752
diagnostics	Mask-original	VolumeNum	1
diagnostics	Mask-original	CenterOfMassIndex	(26.37582588418189, 41.11834434512242, 44.74834823163622)
diagnostics	Mask-original	CenterOfMass	(-22.33244391853514, 61.26067543035622, -239.69962342194526)
original	shape	Elongation	0.54616706845268
original	shape	Flatness	0.3282700470987283
original	shape	LeastAxisLength	9.331448634779152
original	shape	MajorAxisLength	28.426134876608735
original	shape	Maximum2DDiameterColumn	24.807638850009486
original	shape	Maximum2DDiameterRow	29.72928391780779
original	shape	Maximum2DDiameterSlice	20.806851007015105
original	shape	Maximum3DDiameter	30.133953869037
original	shape	MeshVolume	2178.993189811705
original	shape	MinorAxisLength	15.525418752997878
original	shape	Sphericity	0.5389547359914794
original	shape	SurfaceArea	1508.1194714028911
original	shape	SurfaceVolumeRatio	0.6921175699191667
original	shape	VoxelVolume	2181.569183349611
original	firstorder	10Percentile	33.0
original	firstorder	90Percentile	62.0
original	firstorder	Energy	140895164.0
original	firstorder	Entropy	2.559886782469589
original	firstorder	InterquartileRange	15.0
original	firstorder	Kurtosis	4.3929857030672235
original	firstorder	Maximum	122.0
original	firstorder	MeanAbsoluteDeviation	9.059077552389516
original	firstorder	Mean	46.293237465993
original	firstorder	Median	45.0
original	firstorder	Minimum	16.0
original	firstorder	Range	106.0
original	firstorder	RobustMeanAbsoluteDeviation	6.150912093180186
original	firstorder	RootMeanSquared	47.76640201866291
original	firstorder	Skewness	0.8691393361108978
original	firstorder	TotalEnergy	4977531.867233281
original	firstorder	Uniformity	0.20457482383260542
original	firstorder	Variance	138.56532672570603
original	glcm	Autocorrelation	20.1898059849894
original	glcm	ClusterProminence	271.52173032351635
original	glcm	ClusterShade	18.475705670667306
original	glcm	ClusterTendency	8.06157826243803
original	glcm	Contrast	0.4624311593219839
original	glcm	Correlation	0.8910591239658336
original	glcm	DifferenceAverage	0.39977723712345886
original	glcm	DifferenceEntropy	1.0726514829554044
original	glcm	DifferenceVariance	0.2944562347057993
original	glcm	Id	0.8095343343924915
original	glcm	Idm	0.8062435210872029
original	glcm	Idmn	0.9976671462096214
original	glcm	Idn	0.9736022828512765
original	glcm	Imc1	-0.4541836064170527
original	glcm	Imc2	0.9435158741860641
original	glcm	InverseVariance	0.35365577785260705
original	glcm	JointAverage	4.276618239985534
original	glcm	JointEnergy	0.10388938844268171
original	glcm	JointEntropy	3.9002389658639576
original	glcm	MCC	0.8950075535475932
original	glcm	MaximumProbability	0.2117079452660182
original	glcm	SumAverage	8.553236479971066
original	glcm	SumEntropy	3.3934098686693557
original	glcm	SumSquares	2.1310023554400037
original	gldm	DependenceEntropy	6.930905355987045
original	gldm	DependenceNonUniformity	2921.135606943905
original	gldm	DependenceNonUniformityNormalized	0.04730430766524007
original	gldm	DependenceVariance	34.94532968913713
original	gldm	GrayLevelNonUniformity	12632.904521311051
original	gldm	GrayLevelVariance	2.257675575237021
original	gldm	HighGrayLevelEmphasis	21.1631040290193
original	gldm	LargeDependenceEmphasis	294.2287537245757
original	gldm	LargeDependenceHighGrayLevelEmphasis	5271.8975903614455
original	gldm	LargeDependenceLowGrayLevelEmphasis	24.751217024428566
original	gldm	LowGrayLevelEmphasis	0.07908210818930565
original	gldm	SmallDependenceEmphasis	0.007920106434780286
original	gldm	SmallDependenceHighGrayLevelEmphasis	0.24990500039916613
original	gldm	SmallDependenceLowGrayLevelEmphasis	0.0005307641231154208
original	glrlm	GrayLevelNonUniformity	4697.252719639144
original	glrlm	GrayLevelNonUniformityNormalized	0.18096959158449882
original	glrlm	GrayLevelVariance	2.7333387082235467
original	glrlm	HighGrayLevelRunEmphasis	24.275585651808793
original	glrlm	LongRunEmphasis	11.909164088193231
original	glrlm	LongRunHighGrayLevelEmphasis	215.71123019219036
original	glrlm	LongRunLowGrayLevelEmphasis	0.992328243643124
original	glrlm	LowGrayLevelRunEmphasis	0.07423451966469305
original	glrlm	RunEntropy	5.007761849610275
original	glrlm	RunLengthNonUniformity	7572.792589971367
original	glrlm	RunLengthNonUniformityNormalized	0.2803314140550062
original	glrlm	RunPercentage	0.41914307353483415
original	glrlm	RunVariance	5.035625509800024
original	glrlm	ShortRunEmphasis	0.5143588103710353
original	glrlm	ShortRunHighGrayLevelEmphasis	14.106196762810871
original	glrlm	ShortRunLowGrayLevelEmphasis	0.035286812632007135
original	glszm	GrayLevelNonUniformity	18.410404624277458
original	glszm	GrayLevelNonUniformityNormalized	0.10641852383975409
original	glszm	GrayLevelVariance	8.629088843596513
original	glszm	HighGrayLevelZoneEmphasis	50.24277456647399
original	glszm	LargeAreaEmphasis	4047043.2716763006
original	glszm	LargeAreaHighGrayLevelEmphasis	67854847.9884393
original	glszm	LargeAreaLowGrayLevelEmphasis	289700.72300447064
original	glszm	LowGrayLevelZoneEmphasis	0.10704929383584542
original	glszm	SizeZoneNonUniformity	6.398843930635838
original	glszm	SizeZoneNonUniformityNormalized	0.03698753717130542
original	glszm	SmallAreaEmphasis	0.14516482995252697
original	glszm	SmallAreaHighGrayLevelEmphasis	8.284332503427791
original	glszm	SmallAreaLowGrayLevelEmphasis	0.006465129725528581
original	glszm	ZoneEntropy	7.021276927033632
original	glszm	ZonePercentage	0.0028015286954268686
original	glszm	ZoneVariance	3919631.4134785663
original	ngtdm	Busyness	41.07742457215012
original	ngtdm	Coarseness	0.0003061384369501285
original	ngtdm	Complexity	30.22266832244127
original	ngtdm	Contrast	0.007007568370524429
original	ngtdm	Strength	0.04565919456700386
