Image type	Feature Class	Feature Name	Segmentation_segment_tumora
diagnostics	Versions	PyRadiomics	v3.0.1.post15+g2791e23
diagnostics	Versions	Numpy	1.22.1
diagnostics	Versions	SimpleITK	2.2.0rc2.post15
diagnostics	Versions	PyWavelet	1.3.0
diagnostics	Versions	Python	3.9.10
diagnostics	Configuration	Settings	{'minimumROIDimensions': 2, 'minimumROISize': None, 'normalize': False, 'normalizeScale': 1, 'removeOutliers': None, 'resampledPixelSpacing': None, 'interpolator': 'sitkBSpline', 'preCrop': False, 'padDistance': 5, 'distances': [1], 'force2D': False, 'force2Ddimension': 0, 'resegmentRange': None, 'label': 1, 'additionalInfo': True, 'binWidth': 8.0, 'symmetricalGLCM': True, 'correctMask': True}
diagnostics	Configuration	EnabledImageTypes	{'Original': {}}
diagnostics	Image-original	Hash	f59ac44f6a605e56b3750168496bf5f903f48ab9
diagnostics	Image-original	Dimensionality	3D
diagnostics	Image-original	Spacing	(0.31250000000000017, 0.3125000000000003, 0.3125000000000001)
diagnostics	Image-original	Size	(72, 49, 62)
diagnostics	Image-original	Mean	70.38580297710482
diagnostics	Image-original	Minimum	0.0
diagnostics	Image-original	Maximum	187.0
diagnostics	Mask-original	Hash	903bb5be9bf75f3fb138a57db62ae33ef77e3ada
diagnostics	Mask-original	Spacing	(0.3125000000000002, 0.31250000000000033, 0.31250000000000017)
diagnostics	Mask-original	Size	(72, 49, 62)
diagnostics	Mask-original	BoundingBox	(3, 7, 7, 62, 37, 37)
diagnostics	Mask-original	VoxelNum	23179
diagnostics	Mask-original	VolumeNum	1
diagnostics	Mask-original	CenterOfMassIndex	(34.4687864014841, 24.96988653522585, 24.838215626213383)
diagnostics	Mask-original	CenterOfMass	(-9.862897341871943, 36.782139032873665, -137.2156177757959)
original	shape	Elongation	0.7305661241371229
original	shape	Flatness	0.3075351186676002
original	shape	LeastAxisLength	5.392210685502738
original	shape	MajorAxisLength	17.533642040182464
original	shape	Maximum2DDiameterColumn	17.765838004439875
original	shape	Maximum2DDiameterRow	13.954445976103823
original	shape	Maximum2DDiameterSlice	20.0901289505568
original	shape	Maximum3DDiameter	20.437117733428078
original	shape	MeshVolume	705.7317097981794
original	shape	MinorAxisLength	12.809484907303819
original	shape	Sphericity	0.5776517109394609
original	shape	SurfaceArea	663.607289791876
original	shape	SurfaceVolumeRatio	0.940311000028113
original	shape	VoxelVolume	707.3669433593763
original	firstorder	10Percentile	23.0
original	firstorder	90Percentile	57.0
original	firstorder	Energy	38885825.0
original	firstorder	Entropy	2.7748883512423577
original	firstorder	InterquartileRange	18.0
original	firstorder	Kurtosis	4.190921697563649
original	firstorder	Maximum	122.0
original	firstorder	MeanAbsoluteDeviation	10.986710395865128
original	firstorder	Mean	38.50601837870486
original	firstorder	Median	36.0
original	firstorder	Minimum	2.0
original	firstorder	Range	120.0
original	firstorder	RobustMeanAbsoluteDeviation	7.75316318633955
original	firstorder	RootMeanSquared	40.958902481393004
original	firstorder	Skewness	0.894835023621687
original	firstorder	TotalEnergy	1186701.2023925802
original	firstorder	Uniformity	0.17459642680077747
original	firstorder	Variance	194.91824109910567
original	glcm	Autocorrelation	30.019760796599662
original	glcm	ClusterProminence	474.2617743343553
original	glcm	ClusterShade	30.069571936294743
original	glcm	ClusterTendency	10.671591619403037
original	glcm	Contrast	0.6180904930565259
original	glcm	Correlation	0.8897540591680213
original	glcm	DifferenceAverage	0.49495901139011156
original	glcm	DifferenceEntropy	1.2132827924961533
original	glcm	DifferenceVariance	0.3610740614868581
original	glcm	Id	0.7716454002611486
original	glcm	Idm	0.7647841865753399
original	glcm	Idmn	0.9976091761252927
original	glcm	Idn	0.9712811707855473
original	glcm	Imc1	-0.42009828622571277
original	glcm	Imc2	0.94162601481359
original	glcm	InverseVariance	0.40006504624480355
original	glcm	JointAverage	5.244493456908586
original	glcm	JointEnergy	0.07937648443132671
original	glcm	JointEntropy	4.280883002102802
original	glcm	MCC	0.8939851453105915
original	glcm	MaximumProbability	0.1659938461389368
original	glcm	SumAverage	10.488986913817172
original	glcm	SumEntropy	3.608889121475279
original	glcm	SumSquares	2.8224205281148897
original	gldm	DependenceEntropy	7.0653986933753465
original	gldm	DependenceNonUniformity	1103.81867207386
original	gldm	DependenceNonUniformityNormalized	0.04762149670278528
original	gldm	DependenceVariance	34.1192892852128
original	gldm	GrayLevelNonUniformity	4046.9705768152207
original	gldm	GrayLevelVariance	3.118626066299247
original	gldm	HighGrayLevelEmphasis	32.054661547090035
original	gldm	LargeDependenceEmphasis	235.4986410112602
original	gldm	LargeDependenceHighGrayLevelEmphasis	5992.8310539712675
original	gldm	LargeDependenceLowGrayLevelEmphasis	12.775990867745701
original	gldm	LowGrayLevelEmphasis	0.04823875695754104
original	gldm	SmallDependenceEmphasis	0.012109319925035899
original	gldm	SmallDependenceHighGrayLevelEmphasis	0.6401596543494528
original	gldm	SmallDependenceLowGrayLevelEmphasis	0.0004301757291740926
original	glrlm	GrayLevelNonUniformity	1779.0691323573005
original	glrlm	GrayLevelNonUniformityNormalized	0.15520528380012316
original	glrlm	GrayLevelVariance	3.6911535355152294
original	glrlm	HighGrayLevelRunEmphasis	36.842438884919765
original	glrlm	LongRunEmphasis	7.9536271869882835
original	glrlm	LongRunHighGrayLevelEmphasis	214.87662568837774
original	glrlm	LongRunLowGrayLevelEmphasis	0.4221414768635094
original	glrlm	LowGrayLevelRunEmphasis	0.04409465568168796
original	glrlm	RunEntropy	4.870331075766051
original	glrlm	RunLengthNonUniformity	4138.976663583001
original	glrlm	RunLengthNonUniformityNormalized	0.3491413688721493
original	glrlm	RunPercentage	0.49266079707427485
original	glrlm	RunVariance	3.11741366724539
original	glrlm	ShortRunEmphasis	0.5919385975281323
original	glrlm	ShortRunHighGrayLevelEmphasis	24.443832910471954
original	glrlm	ShortRunLowGrayLevelEmphasis	0.023754927074105623
original	glszm	GrayLevelNonUniformity	12.637795275590552
original	glszm	GrayLevelNonUniformityNormalized	0.09951019902039804
original	glszm	GrayLevelVariance	9.764647529295058
original	glszm	HighGrayLevelZoneEmphasis	79.16535433070867
original	glszm	LargeAreaEmphasis	682858.1653543307
original	glszm	LargeAreaHighGrayLevelEmphasis	16709244.874015749
original	glszm	LargeAreaLowGrayLevelEmphasis	33230.89981183764
original	glszm	LowGrayLevelZoneEmphasis	0.04008489095639847
original	glszm	SizeZoneNonUniformity	7.2362204724409445
original	glszm	SizeZoneNonUniformityNormalized	0.05697811395622791
original	glszm	SmallAreaEmphasis	0.20330870618728042
original	glszm	SmallAreaHighGrayLevelEmphasis	20.162735738630325
original	glszm	SmallAreaLowGrayLevelEmphasis	0.003256420869297575
original	glszm	ZoneEntropy	6.448297360133624
original	glszm	ZonePercentage	0.005479097458906769
original	glszm	ZoneVariance	649547.6041912085
original	ngtdm	Busyness	10.620890803088072
original	ngtdm	Coarseness	0.0008557325529059448
original	ngtdm	Complexity	42.527386155349845
original	ngtdm	Contrast	0.008341725287962438
original	ngtdm	Strength	0.14670204115028398
