Image type	Feature Class	Feature Name	Segmentation_6_segment_tumora
diagnostics	Versions	PyRadiomics	v3.0.1.post15+g2791e23
diagnostics	Versions	Numpy	1.22.1
diagnostics	Versions	SimpleITK	2.2.0rc2.post15
diagnostics	Versions	PyWavelet	1.3.0
diagnostics	Versions	Python	3.9.10
diagnostics	Configuration	Settings	{'minimumROIDimensions': 2, 'minimumROISize': None, 'normalize': False, 'normalizeScale': 1, 'removeOutliers': None, 'resampledPixelSpacing': None, 'interpolator': 'sitkBSpline', 'preCrop': False, 'padDistance': 5, 'distances': [1], 'force2D': False, 'force2Ddimension': 0, 'resegmentRange': None, 'label': 1, 'additionalInfo': True, 'binWidth': 8.0, 'symmetricalGLCM': True, 'correctMask': True}
diagnostics	Configuration	EnabledImageTypes	{'Original': {}}
diagnostics	Image-original	Hash	75a69177250b446ee29d0b335db00f39ab7f5a2a
diagnostics	Image-original	Dimensionality	3D
diagnostics	Image-original	Spacing	(0.35937499999999994, 0.3593749999999998, 0.35937499999999983)
diagnostics	Image-original	Size	(26, 36, 43)
diagnostics	Image-original	Mean	66.44608427747963
diagnostics	Image-original	Minimum	0.0
diagnostics	Image-original	Maximum	168.0
diagnostics	Mask-original	Hash	15d1f316fb087bf7001aa6300b9be153279c5e56
diagnostics	Mask-original	Spacing	(0.35937499999999994, 0.3593749999999998, 0.35937499999999983)
diagnostics	Mask-original	Size	(26, 36, 43)
diagnostics	Mask-original	BoundingBox	(2, 0, 5, 23, 34, 23)
diagnostics	Mask-original	VoxelNum	6986
diagnostics	Mask-original	VolumeNum	2
diagnostics	Mask-original	CenterOfMassIndex	(12.34955625536788, 16.890924706555968, 17.585456627540797)
diagnostics	Mask-original	CenterOfMass	(1.8385754556626477, 42.877817634967194, 21.299677531344535)
original	shape	Elongation	0.8287307842792587
original	shape	Flatness	0.5625490953198733
original	shape	LeastAxisLength	6.1438265626156365
original	shape	MajorAxisLength	10.921405107090557
original	shape	Maximum2DDiameterColumn	10.95357078265462
original	shape	Maximum2DDiameterRow	13.257966723469508
original	shape	Maximum2DDiameterSlice	12.500878875353118
original	shape	Maximum3DDiameter	14.244130849998353
original	shape	MeshVolume	321.52511056264245
original	shape	MinorAxisLength	9.050904619830659
original	shape	Sphericity	0.5634551065305504
original	shape	SurfaceArea	402.81107510864376
original	shape	SurfaceVolumeRatio	1.2528137363945153
original	shape	VoxelVolume	324.2441635131832
original	firstorder	10Percentile	55.0
original	firstorder	90Percentile	78.0
original	firstorder	Energy	32331500.0
original	firstorder	Entropy	2.2004629928685997
original	firstorder	InterquartileRange	13.0
original	firstorder	Kurtosis	4.782729641545861
original	firstorder	Maximum	131.0
original	firstorder	MeanAbsoluteDeviation	7.192613684282393
original	firstorder	Mean	67.42885771543087
original	firstorder	Median	68.0
original	firstorder	Minimum	43.0
original	firstorder	Range	88.0
original	firstorder	RobustMeanAbsoluteDeviation	5.460708772757609
original	firstorder	RootMeanSquared	68.02971261060478
original	firstorder	Skewness	0.31924251548085236
original	firstorder	TotalEnergy	1500615.5414581278
original	firstorder	Uniformity	0.2520655805906525
original	firstorder	Variance	81.3909450736572
original	glcm	Autocorrelation	16.01159288872986
original	glcm	ClusterProminence	87.77267658925372
original	glcm	ClusterShade	2.4146635631700417
original	glcm	ClusterTendency	4.486651555783768
original	glcm	Contrast	0.5294908147137523
original	glcm	Correlation	0.7889387059777684
original	glcm	DifferenceAverage	0.4529837145227865
original	glcm	DifferenceEntropy	1.1264275742572076
original	glcm	DifferenceVariance	0.31141463100661143
original	glcm	Id	0.7855244584592639
original	glcm	Idm	0.7811398630574107
original	glcm	Idmn	0.9963746039286161
original	glcm	Idn	0.9655688445953724
original	glcm	Imc1	-0.3388886920412134
original	glcm	Imc2	0.8637603434589706
original	glcm	InverseVariance	0.3928468422209965
original	glcm	JointAverage	3.8757963534031625
original	glcm	JointEnergy	0.1148988680782251
original	glcm	JointEntropy	3.5980071251434564
original	glcm	MCC	0.8203772682185455
original	glcm	MaximumProbability	0.2064038416187219
original	glcm	SumAverage	7.751592706806325
original	glcm	SumEntropy	3.017698543451494
original	glcm	SumSquares	1.25403559262438
original	gldm	DependenceEntropy	6.5532884394077255
original	gldm	DependenceNonUniformity	337.4663612940166
original	gldm	DependenceNonUniformityNormalized	0.048306092369598715
original	gldm	DependenceVariance	32.57006180370229
original	gldm	GrayLevelNonUniformity	1760.9301460062984
original	gldm	GrayLevelVariance	1.33364450876314
original	gldm	HighGrayLevelEmphasis	17.23074720870312
original	gldm	LargeDependenceEmphasis	228.15344975665616
original	gldm	LargeDependenceHighGrayLevelEmphasis	3497.5508159175492
original	gldm	LargeDependenceLowGrayLevelEmphasis	21.17654992578029
original	gldm	LowGrayLevelEmphasis	0.08874283339842744
original	gldm	SmallDependenceEmphasis	0.01430731527559939
original	gldm	SmallDependenceHighGrayLevelEmphasis	0.36131769606140485
original	gldm	SmallDependenceLowGrayLevelEmphasis	0.0011713193592507328
original	glrlm	GrayLevelNonUniformity	846.630817544594
original	glrlm	GrayLevelNonUniformityNormalized	0.2415540835685047
original	glrlm	GrayLevelVariance	1.5413061651589817
original	glrlm	HighGrayLevelRunEmphasis	18.684947106825366
original	glrlm	LongRunEmphasis	7.453996305410826
original	glrlm	LongRunHighGrayLevelEmphasis	120.42866581526556
original	glrlm	LongRunLowGrayLevelEmphasis	0.6563164634162195
original	glrlm	LowGrayLevelRunEmphasis	0.08547910134134132
original	glrlm	RunEntropy	4.226893313999558
original	glrlm	RunLengthNonUniformity	1286.4515543474959
original	glrlm	RunLengthNonUniformityNormalized	0.35122424631977
original	glrlm	RunPercentage	0.5005725737188662
original	glrlm	RunVariance	2.821427854030208
original	glrlm	ShortRunEmphasis	0.5920400897850737
original	glrlm	ShortRunHighGrayLevelEmphasis	12.03564398818021
original	glrlm	ShortRunLowGrayLevelEmphasis	0.04706915121808809
original	glszm	GrayLevelNonUniformity	12.934426229508198
original	glszm	GrayLevelNonUniformityNormalized	0.21203977425423273
original	glszm	GrayLevelVariance	5.169040580489115
original	glszm	HighGrayLevelZoneEmphasis	32.68852459016394
original	glszm	LargeAreaEmphasis	187453.2131147541
original	glszm	LargeAreaHighGrayLevelEmphasis	3279367.1147540985
original	glszm	LargeAreaLowGrayLevelEmphasis	12897.978448466509
original	glszm	LowGrayLevelZoneEmphasis	0.11873667605455626
original	glszm	SizeZoneNonUniformity	6.245901639344262
original	glszm	SizeZoneNonUniformityNormalized	0.10239183015318462
original	glszm	SmallAreaEmphasis	0.3069940226163671
original	glszm	SmallAreaHighGrayLevelEmphasis	10.370032552112304
original	glszm	SmallAreaLowGrayLevelEmphasis	0.03224334917084841
original	glszm	ZoneEntropy	5.144275559677017
original	glszm	ZonePercentage	0.008731749212711137
original	glszm	ZoneVariance	174337.33136253696
original	ngtdm	Busyness	7.70745869718834
original	ngtdm	Coarseness	0.0019026716847028778
original	ngtdm	Complexity	25.338232812964055
original	ngtdm	Contrast	0.006561942015864817
original	ngtdm	Strength	0.20697784720620058
