Image type	Feature Class	Feature Name	Segmentation_1_segment_tumora
diagnostics	Versions	PyRadiomics	v3.0.1.post15+g2791e23
diagnostics	Versions	Numpy	1.22.1
diagnostics	Versions	SimpleITK	2.2.0rc2.post15
diagnostics	Versions	PyWavelet	1.3.0
diagnostics	Versions	Python	3.9.10
diagnostics	Configuration	Settings	{'minimumROIDimensions': 2, 'minimumROISize': None, 'normalize': False, 'normalizeScale': 1, 'removeOutliers': None, 'resampledPixelSpacing': None, 'interpolator': 'sitkBSpline', 'preCrop': False, 'padDistance': 5, 'distances': [1], 'force2D': False, 'force2Ddimension': 0, 'resegmentRange': None, 'label': 1, 'additionalInfo': True, 'binWidth': 8.0, 'symmetricalGLCM': True, 'correctMask': True}
diagnostics	Configuration	EnabledImageTypes	{'Original': {}}
diagnostics	Image-original	Hash	60f1ae8c4bf9f3492d9cff090d338c432df7f891
diagnostics	Image-original	Dimensionality	3D
diagnostics	Image-original	Spacing	(0.3437500000000003, 0.34375000000000033, 0.3437499999999999)
diagnostics	Image-original	Size	(72, 67, 87)
diagnostics	Image-original	Mean	43.34639541754827
diagnostics	Image-original	Minimum	0.0
diagnostics	Image-original	Maximum	181.0
diagnostics	Mask-original	Hash	f7fd3e280b0b29e91deec635b8a800ddb4a6b04b
diagnostics	Mask-original	Spacing	(0.3437500000000003, 0.34375000000000033, 0.3437499999999999)
diagnostics	Mask-original	Size	(72, 67, 87)
diagnostics	Mask-original	BoundingBox	(3, 7, 14, 66, 56, 52)
diagnostics	Mask-original	VoxelNum	76407
diagnostics	Mask-original	VolumeNum	1
diagnostics	Mask-original	CenterOfMassIndex	(33.081419241692515, 30.90661850354025, 37.093695603805934)
diagnostics	Mask-original	CenterOfMass	(-5.95758367377074, 15.861601457998969, -3.7777907297959743)
original	shape	Elongation	0.8835742866499037
original	shape	Flatness	0.557898505007145
original	shape	LeastAxisLength	12.067778744136882
original	shape	MajorAxisLength	21.630778064161206
original	shape	Maximum2DDiameterColumn	26.548985532643247
original	shape	Maximum2DDiameterRow	24.797697095698226
original	shape	Maximum2DDiameterSlice	22.897465914648745
original	shape	Maximum3DDiameter	26.72863486740392
original	shape	MeshVolume	3100.707776387533
original	shape	MinorAxisLength	19.11239929772362
original	shape	Sphericity	0.6598973997741886
original	shape	SurfaceArea	1558.2899378326804
original	shape	SurfaceVolumeRatio	0.5025594316560071
original	shape	VoxelVolume	3103.5680236816447
original	firstorder	10Percentile	25.0
original	firstorder	90Percentile	43.0
original	firstorder	Energy	94846026.0
original	firstorder	Entropy	2.0025623979788847
original	firstorder	InterquartileRange	10.0
original	firstorder	Kurtosis	6.436236792671499
original	firstorder	Maximum	98.0
original	firstorder	MeanAbsoluteDeviation	5.775937576777456
original	firstorder	Mean	34.370254034316225
original	firstorder	Median	34.0
original	firstorder	Minimum	3.0
original	firstorder	Range	95.0
original	firstorder	RobustMeanAbsoluteDeviation	4.003117366164693
original	firstorder	RootMeanSquared	35.232462258492596
original	firstorder	Skewness	0.7981999401725797
original	firstorder	TotalEnergy	3852540.912048345
original	firstorder	Uniformity	0.30789748512289544
original	firstorder	Variance	60.01203441267415
original	glcm	Autocorrelation	24.300218455900655
original	glcm	ClusterProminence	63.64751718483887
original	glcm	ClusterShade	3.6010841802691207
original	glcm	ClusterTendency	3.4090446948167363
original	glcm	Contrast	0.35968601972654163
original	glcm	Correlation	0.8082376750857558
original	glcm	DifferenceAverage	0.3223301223164574
original	glcm	DifferenceEntropy	0.9595081060014571
original	glcm	DifferenceVariance	0.2501556928015455
original	glcm	Id	0.844287521297815
original	glcm	Idm	0.8424859775467399
original	glcm	Idmn	0.9978964856343209
original	glcm	Idn	0.9771480924983205
original	glcm	Imc1	-0.4000722783087216
original	glcm	Imc2	0.8810719830315192
original	glcm	InverseVariance	0.29635817786383434
original	glcm	JointAverage	4.85158208761191
original	glcm	JointEnergy	0.18054924307956582
original	glcm	JointEntropy	3.1303454690012935
original	glcm	MCC	0.8127337752784765
original	glcm	MaximumProbability	0.3330254485210228
original	glcm	SumAverage	9.703164175223822
original	glcm	SumEntropy	2.7389663412319654
original	glcm	SumSquares	0.9421826786358192
original	gldm	DependenceEntropy	6.3041036466293185
original	gldm	DependenceNonUniformity	3935.6337377465416
original	gldm	DependenceNonUniformityNormalized	0.05150881120507992
original	gldm	DependenceVariance	36.00283988931143
original	gldm	GrayLevelNonUniformity	23525.52314578507
original	gldm	GrayLevelVariance	1.0244075466496487
original	gldm	HighGrayLevelEmphasis	24.634719331998376
original	gldm	LargeDependenceEmphasis	360.01744604551936
original	gldm	LargeDependenceHighGrayLevelEmphasis	8527.807125001636
original	gldm	LargeDependenceLowGrayLevelEmphasis	17.202044801663387
original	gldm	LowGrayLevelEmphasis	0.04888110102704135
original	gldm	SmallDependenceEmphasis	0.006652965981732408
original	gldm	SmallDependenceHighGrayLevelEmphasis	0.21904302452417806
original	gldm	SmallDependenceLowGrayLevelEmphasis	0.00031892255670295204
original	glrlm	GrayLevelNonUniformity	6705.077054776104
original	glrlm	GrayLevelNonUniformityNormalized	0.25210843546865686
original	glrlm	GrayLevelVariance	1.5491374068615817
original	glrlm	HighGrayLevelRunEmphasis	26.110855826102593
original	glrlm	LongRunEmphasis	19.30981935057483
original	glrlm	LongRunHighGrayLevelEmphasis	459.3003817682675
original	glrlm	LongRunLowGrayLevelEmphasis	0.9155190573623079
original	glrlm	LowGrayLevelRunEmphasis	0.049998707840651906
original	glrlm	RunEntropy	4.918770484447618
original	glrlm	RunLengthNonUniformity	6084.13744991795
original	glrlm	RunLengthNonUniformityNormalized	0.21898361561541327
original	glrlm	RunPercentage	0.34613824146196837
original	glrlm	RunVariance	8.707067707825505
original	glrlm	ShortRunEmphasis	0.43530618620762646
original	glrlm	ShortRunHighGrayLevelEmphasis	12.308606828456695
original	glrlm	ShortRunLowGrayLevelEmphasis	0.021996266650475296
original	glszm	GrayLevelNonUniformity	26.138613861386137
original	glszm	GrayLevelNonUniformityNormalized	0.12939907852171356
original	glszm	GrayLevelVariance	6.733947652190961
original	glszm	HighGrayLevelZoneEmphasis	49.43564356435643
original	glszm	LargeAreaEmphasis	8624098.044554455
original	glszm	LargeAreaHighGrayLevelEmphasis	203200234.42079207
original	glszm	LargeAreaLowGrayLevelEmphasis	388379.85406211286
original	glszm	LowGrayLevelZoneEmphasis	0.051984087865788675
original	glszm	SizeZoneNonUniformity	13.316831683168317
original	glszm	SizeZoneNonUniformityNormalized	0.06592490932261542
original	glszm	SmallAreaEmphasis	0.22285421098001743
original	glszm	SmallAreaHighGrayLevelEmphasis	12.981312149840251
original	glszm	SmallAreaLowGrayLevelEmphasis	0.008161849003406508
original	glszm	ZoneEntropy	6.732835849823099
original	glszm	ZonePercentage	0.002643736830395121
original	glszm	ZoneVariance	8481023.109523576
original	ngtdm	Busyness	56.08024843316854
original	ngtdm	Coarseness	0.00018648505240651187
original	ngtdm	Complexity	22.78465767966523
original	ngtdm	Contrast	0.0034167846042566915
original	ngtdm	Strength	0.025646980990230172
