Image type	Feature Class	Feature Name	Segmentation_11_segment_tumora
diagnostics	Versions	PyRadiomics	v3.0.1.post15+g2791e23
diagnostics	Versions	Numpy	1.22.1
diagnostics	Versions	SimpleITK	2.2.0rc2.post15
diagnostics	Versions	PyWavelet	1.3.0
diagnostics	Versions	Python	3.9.10
diagnostics	Configuration	Settings	{'minimumROIDimensions': 2, 'minimumROISize': None, 'normalize': False, 'normalizeScale': 1, 'removeOutliers': None, 'resampledPixelSpacing': None, 'interpolator': 'sitkBSpline', 'preCrop': False, 'padDistance': 5, 'distances': [1], 'force2D': False, 'force2Ddimension': 0, 'resegmentRange': None, 'label': 1, 'additionalInfo': True, 'binWidth': 8.0, 'symmetricalGLCM': True, 'correctMask': True}
diagnostics	Configuration	EnabledImageTypes	{'Original': {}}
diagnostics	Image-original	Hash	b0f9ceea4a4b8ce4cbf5f5ac0f3836e9fe019e73
diagnostics	Image-original	Dimensionality	3D
diagnostics	Image-original	Spacing	(0.39062499999999994, 0.39062500000000006, 0.39062499999999983)
diagnostics	Image-original	Size	(163, 185, 110)
diagnostics	Image-original	Mean	79.50027494309703
diagnostics	Image-original	Minimum	0.0
diagnostics	Image-original	Maximum	218.0
diagnostics	Mask-original	Hash	9d1552f12b4c023cc04a956082701b8cb986d08c
diagnostics	Mask-original	Spacing	(0.39062499999999994, 0.39062500000000006, 0.39062499999999983)
diagnostics	Mask-original	Size	(163, 185, 110)
diagnostics	Mask-original	BoundingBox	(7, 7, 15, 147, 172, 70)
diagnostics	Mask-original	VoxelNum	576650
diagnostics	Mask-original	VolumeNum	1
diagnostics	Mask-original	CenterOfMassIndex	(82.83688545911731, 90.23882771178357, 48.789343622648055)
diagnostics	Mask-original	CenterOfMass	(11.792927097034813, 45.757376187202134, -85.27448582654367)
original	shape	Elongation	0.5844460624332117
original	shape	Flatness	0.40323973568045346
original	shape	LeastAxisLength	26.31208146099216
original	shape	MajorAxisLength	65.25170793644979
original	shape	Maximum2DDiameterColumn	60.618657045758184
original	shape	Maximum2DDiameterRow	65.91847511379586
original	shape	Maximum2DDiameterSlice	73.02911715969871
original	shape	Maximum3DDiameter	80.51614199086883
original	shape	MeshVolume	34356.83747132623
original	shape	MinorAxisLength	38.13610377050003
original	shape	Sphericity	0.45868202623590787
original	shape	SurfaceArea	11142.462703986128
original	shape	SurfaceVolumeRatio	0.3243157264776038
original	shape	VoxelVolume	34371.01840972899
original	firstorder	10Percentile	39.0
original	firstorder	90Percentile	73.0
original	firstorder	Energy	1923867727.0
original	firstorder	Entropy	2.84999468893652
original	firstorder	InterquartileRange	17.0
original	firstorder	Kurtosis	4.659005379289041
original	firstorder	Maximum	165.0
original	firstorder	MeanAbsoluteDeviation	10.707023780206628
original	firstorder	Mean	55.99386282840545
original	firstorder	Median	55.0
original	firstorder	Minimum	0.0
original	firstorder	Range	165.0
original	firstorder	RobustMeanAbsoluteDeviation	7.202997346544581
original	firstorder	RootMeanSquared	57.7605681602728
original	firstorder	Skewness	0.5518702371378817
original	firstorder	TotalEnergy	114671452.46267313
original	firstorder	Uniformity	0.17132195510973608
original	firstorder	Variance	200.97055975123502
original	glcm	Autocorrelation	59.2509122666423
original	glcm	ClusterProminence	555.9744427051737
original	glcm	ClusterShade	16.942303764320396
original	glcm	ClusterTendency	11.19764563627593
original	glcm	Contrast	0.7224003466889479
original	glcm	Correlation	0.8781792712535874
original	glcm	DifferenceAverage	0.5035974377607537
original	glcm	DifferenceEntropy	1.2749076900455028
original	glcm	DifferenceVariance	0.4562447600374038
original	glcm	Id	0.7769025365650789
original	glcm	Idm	0.768647802340519
original	glcm	Idmn	0.9983820441235134
original	glcm	Idn	0.9775219075873421
original	glcm	Imc1	-0.41708380433304915
original	glcm	Imc2	0.9447531388194709
original	glcm	InverseVariance	0.37554521546742936
original	glcm	JointAverage	7.5254233695262736
original	glcm	JointEnergy	0.07743518528542404
original	glcm	JointEntropy	4.430874976702979
original	glcm	MCC	0.8806775427521067
original	glcm	MaximumProbability	0.15386810956800046
original	glcm	SumAverage	15.050846739052549
original	glcm	SumEntropy	3.6978300112394726
original	glcm	SumSquares	2.9800114957412185
original	gldm	DependenceEntropy	7.317200594217735
original	gldm	DependenceNonUniformity	25275.389234370934
original	gldm	DependenceNonUniformityNormalized	0.04383142154577462
original	gldm	DependenceVariance	40.2259872373922
original	gldm	GrayLevelNonUniformity	98792.80541402931
original	gldm	GrayLevelVariance	3.220975638093137
original	gldm	HighGrayLevelEmphasis	60.407408306598455
original	gldm	LargeDependenceEmphasis	276.438446197867
original	gldm	LargeDependenceHighGrayLevelEmphasis	15622.13512182433
original	gldm	LargeDependenceLowGrayLevelEmphasis	5.812511360202301
original	gldm	LowGrayLevelEmphasis	0.021448454106725
original	gldm	SmallDependenceEmphasis	0.011639722982563164
original	gldm	SmallDependenceHighGrayLevelEmphasis	0.9598019812878268
original	gldm	SmallDependenceLowGrayLevelEmphasis	0.0002329020505404028
original	glrlm	GrayLevelNonUniformity	38152.77915126715
original	glrlm	GrayLevelNonUniformityNormalized	0.14737046171960302
original	glrlm	GrayLevelVariance	4.254130458099859
original	glrlm	HighGrayLevelRunEmphasis	64.32286500515023
original	glrlm	LongRunEmphasis	10.402588178258156
original	glrlm	LongRunHighGrayLevelEmphasis	600.7256416055569
original	glrlm	LongRunLowGrayLevelEmphasis	0.21640592435313769
original	glrlm	LowGrayLevelRunEmphasis	0.021643780892746843
original	glrlm	RunEntropy	5.216310097680303
original	glrlm	RunLengthNonUniformity	86562.06508873185
original	glrlm	RunLengthNonUniformityNormalized	0.32457215907928394
original	glrlm	RunPercentage	0.4473382734494327
original	glrlm	RunVariance	4.785259683794527
original	glrlm	ShortRunEmphasis	0.5748369815118751
original	glrlm	ShortRunHighGrayLevelEmphasis	39.50937465684511
original	glrlm	ShortRunLowGrayLevelEmphasis	0.012319802598140323
original	glszm	GrayLevelNonUniformity	224.18483063328424
original	glszm	GrayLevelNonUniformityNormalized	0.08254227932006047
original	glszm	GrayLevelVariance	13.070759433542786
original	glszm	HighGrayLevelZoneEmphasis	114.78645066273933
original	glszm	LargeAreaEmphasis	18533812.3269514
original	glszm	LargeAreaHighGrayLevelEmphasis	1038239040.7960236
original	glszm	LargeAreaLowGrayLevelEmphasis	352042.0489102835
original	glszm	LowGrayLevelZoneEmphasis	0.024044894178664535
original	glszm	SizeZoneNonUniformity	235.2459499263623
original	glszm	SizeZoneNonUniformityNormalized	0.08661485637936756
original	glszm	SmallAreaEmphasis	0.268328349622331
original	glszm	SmallAreaHighGrayLevelEmphasis	33.4242980546917
original	glszm	SmallAreaLowGrayLevelEmphasis	0.004300108137947293
original	glszm	ZoneEntropy	8.163838733010701
original	glszm	ZonePercentage	0.004709962715685425
original	glszm	ZoneVariance	18488734.28311961
original	ngtdm	Busyness	117.00953672848846
original	ngtdm	Coarseness	3.64840167666877e-05
original	ngtdm	Complexity	71.52384842025216
original	ngtdm	Contrast	0.004869141148011545
original	ngtdm	Strength	0.011863048774944443
