Image type	Feature Class	Feature Name	Segmentation_17_segment_nodul
diagnostics	Versions	PyRadiomics	v3.0.1.post15+g2791e23
diagnostics	Versions	Numpy	1.22.1
diagnostics	Versions	SimpleITK	2.2.0rc2.post15
diagnostics	Versions	PyWavelet	1.3.0
diagnostics	Versions	Python	3.9.10
diagnostics	Configuration	Settings	{'minimumROIDimensions': 2, 'minimumROISize': None, 'normalize': False, 'normalizeScale': 1, 'removeOutliers': None, 'resampledPixelSpacing': None, 'interpolator': 'sitkBSpline', 'preCrop': False, 'padDistance': 5, 'distances': [1], 'force2D': False, 'force2Ddimension': 0, 'resegmentRange': None, 'label': 1, 'additionalInfo': True, 'binWidth': 8.0, 'symmetricalGLCM': True, 'correctMask': True}
diagnostics	Configuration	EnabledImageTypes	{'Original': {}}
diagnostics	Image-original	Hash	54a14ca5c061ee727e980fe300e476dc5a815ead
diagnostics	Image-original	Dimensionality	3D
diagnostics	Image-original	Spacing	(0.4062500000000001, 0.4062499999999997, 0.4062500000000002)
diagnostics	Image-original	Size	(41, 37, 48)
diagnostics	Image-original	Mean	52.0283728850802
diagnostics	Image-original	Minimum	0.0
diagnostics	Image-original	Maximum	158.0
diagnostics	Mask-original	Hash	bbd839d8b3c48271a2f8ca01b36fe745cc9e896a
diagnostics	Mask-original	Spacing	(0.4062500000000001, 0.4062499999999997, 0.4062500000000002)
diagnostics	Mask-original	Size	(41, 37, 48)
diagnostics	Mask-original	BoundingBox	(3, 2, 5, 35, 31, 29)
diagnostics	Mask-original	VoxelNum	13910
diagnostics	Mask-original	VolumeNum	1
diagnostics	Mask-original	CenterOfMassIndex	(19.9529115744069, 18.093170381020848, 19.102444284687277)
diagnostics	Mask-original	CenterOfMass	(7.540110940314458, 57.781356827656715, -9.32532658072434)
original	shape	Elongation	0.7328230929178635
original	shape	Flatness	0.6405974983901476
original	shape	LeastAxisLength	9.679249871521751
original	shape	MajorAxisLength	15.109721620590426
original	shape	Maximum2DDiameterColumn	16.6711061795551
original	shape	Maximum2DDiameterRow	15.036738862698922
original	shape	Maximum2DDiameterSlice	14.937630752565818
original	shape	Maximum3DDiameter	18.465392038215708
original	shape	MeshVolume	930.041319529217
original	shape	MinorAxisLength	11.072752931128989
original	shape	Sphericity	0.6935568356070578
original	shape	SurfaceArea	664.3601336902115
original	shape	SurfaceVolumeRatio	0.7143339975760515
original	shape	VoxelVolume	932.625427246094
original	firstorder	10Percentile	49.0
original	firstorder	90Percentile	76.0
original	firstorder	Energy	56016603.0
original	firstorder	Entropy	2.45486245007
original	firstorder	InterquartileRange	14.0
original	firstorder	Kurtosis	2.9293527399252683
original	firstorder	Maximum	98.0
original	firstorder	MeanAbsoluteDeviation	8.27938484072147
original	firstorder	Mean	62.60956146657081
original	firstorder	Median	63.0
original	firstorder	Minimum	28.0
original	firstorder	Range	70.0
original	firstorder	RobustMeanAbsoluteDeviation	6.044933063995634
original	firstorder	RootMeanSquared	63.45923308014412
original	firstorder	Skewness	-0.05259267256239601
original	firstorder	TotalEnergy	3755751.8551940927
original	firstorder	Uniformity	0.21165468057208686
original	firstorder	Variance	107.1170760837488
original	glcm	Autocorrelation	30.700675803777056
original	glcm	ClusterProminence	114.26015347394205
original	glcm	ClusterShade	-0.9266480064566279
original	glcm	ClusterTendency	6.313637564207794
original	glcm	Contrast	0.49281308953291786
original	glcm	Correlation	0.85503004576607
original	glcm	DifferenceAverage	0.42637280460005156
original	glcm	DifferenceEntropy	1.1078239715366889
original	glcm	DifferenceVariance	0.3030071085069609
original	glcm	Id	0.7974655979747969
original	glcm	Idm	0.7934480135746149
original	glcm	Idmn	0.9951641104895891
original	glcm	Idn	0.9617361555646877
original	glcm	Imc1	-0.40674384789769785
original	glcm	Imc2	0.9224863188032384
original	glcm	InverseVariance	0.3721496439137993
original	glcm	JointAverage	5.407902081511518
original	glcm	JointEnergy	0.09981462939689095
original	glcm	JointEntropy	3.870590534781672
original	glcm	MCC	0.8591004379556963
original	glcm	MaximumProbability	0.1830593169749929
original	glcm	SumAverage	10.815804163023039
original	glcm	SumEntropy	3.309228566651288
original	glcm	SumSquares	1.7016126634351778
original	gldm	DependenceEntropy	6.893318826492877
original	gldm	DependenceNonUniformity	651.4810927390366
original	gldm	DependenceNonUniformityNormalized	0.04683544879504217
original	gldm	DependenceVariance	34.08419548282298
original	gldm	GrayLevelNonUniformity	2944.1166067577283
original	gldm	GrayLevelVariance	1.762743388353082
original	gldm	HighGrayLevelEmphasis	30.748310567936738
original	gldm	LargeDependenceEmphasis	266.18317757009345
original	gldm	LargeDependenceHighGrayLevelEmphasis	8228.213587347233
original	gldm	LargeDependenceLowGrayLevelEmphasis	10.739504603184566
original	gldm	LowGrayLevelEmphasis	0.044741080270007734
original	gldm	SmallDependenceEmphasis	0.009337654879635775
original	gldm	SmallDependenceHighGrayLevelEmphasis	0.2824217436415566
original	gldm	SmallDependenceLowGrayLevelEmphasis	0.0007171386457946729
original	glrlm	GrayLevelNonUniformity	1219.3805982937397
original	glrlm	GrayLevelNonUniformityNormalized	0.1934840956511175
original	glrlm	GrayLevelVariance	2.082466279368444
original	glrlm	HighGrayLevelRunEmphasis	30.668812213323903
original	glrlm	LongRunEmphasis	9.006497313452448
original	glrlm	LongRunHighGrayLevelEmphasis	278.24606766919237
original	glrlm	LongRunLowGrayLevelEmphasis	0.37007579906931287
original	glrlm	LowGrayLevelRunEmphasis	0.04843501151721585
original	glrlm	RunEntropy	4.738751098185463
original	glrlm	RunLengthNonUniformity	2001.4372826078395
original	glrlm	RunLengthNonUniformityNormalized	0.3060470300256918
original	glrlm	RunPercentage	0.4525078803295913
original	glrlm	RunVariance	3.453672676759616
original	glrlm	ShortRunEmphasis	0.5458282445290347
original	glrlm	ShortRunHighGrayLevelEmphasis	16.713913930199723
original	glrlm	ShortRunLowGrayLevelEmphasis	0.02836438979050854
original	glszm	GrayLevelNonUniformity	8.142857142857142
original	glszm	GrayLevelNonUniformityNormalized	0.1292517006802721
original	glszm	GrayLevelVariance	7.451247165532879
original	glszm	HighGrayLevelZoneEmphasis	31.50793650793651
original	glszm	LargeAreaEmphasis	598498.6031746032
original	glszm	LargeAreaHighGrayLevelEmphasis	17879099.825396825
original	glszm	LargeAreaLowGrayLevelEmphasis	22364.092191308035
original	glszm	LowGrayLevelZoneEmphasis	0.1576880746419673
original	glszm	SizeZoneNonUniformity	2.9047619047619047
original	glszm	SizeZoneNonUniformityNormalized	0.04610733182161754
original	glszm	SmallAreaEmphasis	0.12643743186344603
original	glszm	SmallAreaHighGrayLevelEmphasis	3.0088190097203826
original	glszm	SmallAreaLowGrayLevelEmphasis	0.04644063360131343
original	glszm	ZoneEntropy	5.755057701277677
original	glszm	ZonePercentage	0.004529115744069015
original	glszm	ZoneVariance	549748.7669438145
original	ngtdm	Busyness	12.447707172691183
original	ngtdm	Coarseness	0.0012654660684931678
original	ngtdm	Complexity	12.49555205117143
original	ngtdm	Contrast	0.011486057378419895
original	ngtdm	Strength	0.04916392709873081
