Image type	Feature Class	Feature Name	Segmentation_1_segment_tumora
diagnostics	Versions	PyRadiomics	v3.0.1.post15+g2791e23
diagnostics	Versions	Numpy	1.22.1
diagnostics	Versions	SimpleITK	2.2.0rc2.post15
diagnostics	Versions	PyWavelet	1.3.0
diagnostics	Versions	Python	3.9.10
diagnostics	Configuration	Settings	{'minimumROIDimensions': 2, 'minimumROISize': None, 'normalize': False, 'normalizeScale': 1, 'removeOutliers': None, 'resampledPixelSpacing': None, 'interpolator': 'sitkBSpline', 'preCrop': False, 'padDistance': 5, 'distances': [1], 'force2D': False, 'force2Ddimension': 0, 'resegmentRange': None, 'label': 1, 'additionalInfo': True, 'binWidth': 8.0, 'symmetricalGLCM': True, 'correctMask': True}
diagnostics	Configuration	EnabledImageTypes	{'Original': {}}
diagnostics	Image-original	Hash	0c99d59ccf4b7eeb21ccc548b654de51d8dc540c
diagnostics	Image-original	Dimensionality	3D
diagnostics	Image-original	Spacing	(0.46875000000000056, 0.4687500000000004, 0.46875000000000017)
diagnostics	Image-original	Size	(36, 35, 50)
diagnostics	Image-original	Mean	63.68655555555556
diagnostics	Image-original	Minimum	0.0
diagnostics	Image-original	Maximum	184.0
diagnostics	Mask-original	Hash	d508eb398e0c5ed61bc74be4ad7ab71e6a078ad4
diagnostics	Mask-original	Spacing	(0.46875000000000056, 0.4687500000000004, 0.46875000000000017)
diagnostics	Mask-original	Size	(36, 35, 50)
diagnostics	Mask-original	BoundingBox	(6, 5, 13, 25, 24, 17)
diagnostics	Mask-original	VoxelNum	5392
diagnostics	Mask-original	VolumeNum	1
diagnostics	Mask-original	CenterOfMassIndex	(18.64614243323442, 16.50834569732938, 21.948071216617212)
diagnostics	Mask-original	CenterOfMass	(-9.12388517348059, 30.0857726986995, -56.58116374085693)
original	shape	Elongation	0.7656258202476749
original	shape	Flatness	0.63566891801646
original	shape	LeastAxisLength	7.934689052319354
original	shape	MajorAxisLength	12.482424147901934
original	shape	Maximum2DDiameterColumn	12.75137860193949
original	shape	Maximum2DDiameterRow	13.13336786823929
original	shape	Maximum2DDiameterSlice	13.690389249853359
original	shape	Maximum3DDiameter	15.937500000000016
original	shape	MeshVolume	551.5909194946297
original	shape	MinorAxisLength	9.556866226916803
original	shape	Sphericity	0.6809966563760507
original	shape	SurfaceArea	477.6215169302609
original	shape	SurfaceVolumeRatio	0.8658980778143702
original	shape	VoxelVolume	555.3588867187513
original	firstorder	10Percentile	36.0
original	firstorder	90Percentile	55.0
original	firstorder	Energy	11269683.0
original	firstorder	Entropy	2.0128938985217855
original	firstorder	InterquartileRange	10.0
original	firstorder	Kurtosis	3.091845242521222
original	firstorder	Maximum	79.0
original	firstorder	MeanAbsoluteDeviation	6.006714667955163
original	firstorder	Mean	45.10330118694362
original	firstorder	Median	45.0
original	firstorder	Minimum	23.0
original	firstorder	Range	56.0
original	firstorder	RobustMeanAbsoluteDeviation	4.387745041318392
original	firstorder	RootMeanSquared	45.71733522807386
original	firstorder	Skewness	0.20969759943522154
original	firstorder	TotalEnergy	1160741.5809631376
original	firstorder	Uniformity	0.28522858350430136
original	firstorder	Variance	55.766962395933305
original	glcm	Autocorrelation	17.78277112214391
original	glcm	ClusterProminence	26.07850924907294
original	glcm	ClusterShade	0.6884218155844013
original	glcm	ClusterTendency	3.050178233057965
original	glcm	Contrast	0.5109768098638473
original	glcm	Correlation	0.7117470022938215
original	glcm	DifferenceAverage	0.4235787716731918
original	glcm	DifferenceEntropy	1.1263687914489675
original	glcm	DifferenceVariance	0.3235969285808769
original	glcm	Id	0.8014388696832356
original	glcm	Idm	0.7968915217611108
original	glcm	Idmn	0.9922981552745088
original	glcm	Idn	0.9538731630377466
original	glcm	Imc1	-0.2923779173469892
original	glcm	Imc2	0.8107237156318808
original	glcm	InverseVariance	0.3593286654695142
original	glcm	JointAverage	4.140978403524186
original	glcm	JointEnergy	0.14165511787856092
original	glcm	JointEntropy	3.3392341284893257
original	glcm	MCC	0.7260423650657498
original	glcm	MaximumProbability	0.2664709137906009
original	glcm	SumAverage	8.281956807048372
original	glcm	SumEntropy	2.7688599853693865
original	glcm	SumSquares	0.890288760730453
original	gldm	DependenceEntropy	6.4394536262054585
original	gldm	DependenceNonUniformity	236.73293768545994
original	gldm	DependenceNonUniformityNormalized	0.043904476573712894
original	gldm	DependenceVariance	39.307165137493506
original	gldm	GrayLevelNonUniformity	1537.952522255193
original	gldm	GrayLevelVariance	0.9649737989680283
original	gldm	HighGrayLevelEmphasis	18.647997032640948
original	gldm	LargeDependenceEmphasis	260.1646884272997
original	gldm	LargeDependenceHighGrayLevelEmphasis	4428.016691394659
original	gldm	LargeDependenceLowGrayLevelEmphasis	18.26822048716247
original	gldm	LowGrayLevelEmphasis	0.06828197438718317
original	gldm	SmallDependenceEmphasis	0.013508270297764179
original	gldm	SmallDependenceHighGrayLevelEmphasis	0.3736742570107905
original	gldm	SmallDependenceLowGrayLevelEmphasis	0.0007886962753642909
original	glrlm	GrayLevelNonUniformity	654.3115983270181
original	glrlm	GrayLevelNonUniformityNormalized	0.25962361830685776
original	glrlm	GrayLevelVariance	1.162866460686416
original	glrlm	HighGrayLevelRunEmphasis	20.061182809678257
original	glrlm	LongRunEmphasis	8.376110893446686
original	glrlm	LongRunHighGrayLevelEmphasis	148.2780660648745
original	glrlm	LongRunLowGrayLevelEmphasis	0.572432586804789
original	glrlm	LowGrayLevelRunEmphasis	0.06641083764438781
original	glrlm	RunEntropy	4.1986714159244745
original	glrlm	RunLengthNonUniformity	848.5123855532523
original	glrlm	RunLengthNonUniformityNormalized	0.3254455405311096
original	glrlm	RunPercentage	0.4668740013695504
original	glrlm	RunVariance	3.221467561602409
original	glrlm	ShortRunEmphasis	0.5728272619875067
original	glrlm	ShortRunHighGrayLevelEmphasis	12.444442827592118
original	glrlm	ShortRunLowGrayLevelEmphasis	0.03617233765882109
original	glszm	GrayLevelNonUniformity	10.92156862745098
original	glszm	GrayLevelNonUniformityNormalized	0.21414840445982314
original	glszm	GrayLevelVariance	3.0572856593617836
original	glszm	HighGrayLevelZoneEmphasis	34.72549019607843
original	glszm	LargeAreaEmphasis	147066.4705882353
original	glszm	LargeAreaHighGrayLevelEmphasis	2651115.9607843137
original	glszm	LargeAreaLowGrayLevelEmphasis	8987.90943883109
original	glszm	LowGrayLevelZoneEmphasis	0.06771722577920057
original	glszm	SizeZoneNonUniformity	4.411764705882353
original	glszm	SizeZoneNonUniformityNormalized	0.08650519031141868
original	glszm	SmallAreaEmphasis	0.1889176314868415
original	glszm	SmallAreaHighGrayLevelEmphasis	8.552694071489801
original	glszm	SmallAreaLowGrayLevelEmphasis	0.00981637113996817
original	glszm	ZoneEntropy	5.01018146921036
original	glszm	ZonePercentage	0.009458456973293769
original	glszm	ZoneVariance	135888.5913110342
original	ngtdm	Busyness	10.79034582949977
original	ngtdm	Coarseness	0.00230173168467729
original	ngtdm	Complexity	9.079214898337002
original	ngtdm	Contrast	0.011337427316049429
original	ngtdm	Strength	0.056844253099197724
