Image type	Feature Class	Feature Name	Segmentation_2_segment_tumora
diagnostics	Versions	PyRadiomics	v3.0.1.post15+g2791e23
diagnostics	Versions	Numpy	1.22.1
diagnostics	Versions	SimpleITK	2.2.0rc2.post15
diagnostics	Versions	PyWavelet	1.3.0
diagnostics	Versions	Python	3.9.10
diagnostics	Configuration	Settings	{'minimumROIDimensions': 2, 'minimumROISize': None, 'normalize': False, 'normalizeScale': 1, 'removeOutliers': None, 'resampledPixelSpacing': None, 'interpolator': 'sitkBSpline', 'preCrop': False, 'padDistance': 5, 'distances': [1], 'force2D': False, 'force2Ddimension': 0, 'resegmentRange': None, 'label': 1, 'additionalInfo': True, 'binWidth': 8.0, 'symmetricalGLCM': True, 'correctMask': True}
diagnostics	Configuration	EnabledImageTypes	{'Original': {}}
diagnostics	Image-original	Hash	9492c20b03581e1c417740c42fa50e55e10c86ca
diagnostics	Image-original	Dimensionality	3D
diagnostics	Image-original	Spacing	(0.6406250000000002, 0.6406249999999999, 0.6406250000000002)
diagnostics	Image-original	Size	(31, 28, 33)
diagnostics	Image-original	Mean	40.85871386677838
diagnostics	Image-original	Minimum	0.0
diagnostics	Image-original	Maximum	120.0
diagnostics	Mask-original	Hash	6809c35a826375406d681c3bb6e44906c59e06a7
diagnostics	Mask-original	Spacing	(0.6406250000000002, 0.6406249999999999, 0.6406250000000002)
diagnostics	Mask-original	Size	(31, 28, 33)
diagnostics	Mask-original	BoundingBox	(4, 2, 8, 24, 22, 14)
diagnostics	Mask-original	VoxelNum	2947
diagnostics	Mask-original	VolumeNum	1
diagnostics	Mask-original	CenterOfMassIndex	(16.157108924329826, 13.011197828299967, 15.775025449609773)
diagnostics	Mask-original	CenterOfMass	(-8.756592138522732, 53.00371054556801, -184.21717225804247)
original	shape	Elongation	0.7576765180461204
original	shape	Flatness	0.5168564948042751
original	shape	LeastAxisLength	7.568497264792225
original	shape	MajorAxisLength	14.64332428996232
original	shape	Maximum2DDiameterColumn	15.822270326386482
original	shape	Maximum2DDiameterRow	15.281289941154347
original	shape	Maximum2DDiameterSlice	15.28128994115435
original	shape	Maximum3DDiameter	17.822735546030806
original	shape	MeshVolume	768.7897458076487
original	shape	MinorAxisLength	11.094902960638828
original	shape	Sphericity	0.7053637482399691
original	shape	SurfaceArea	575.3640334617321
original	shape	SurfaceVolumeRatio	0.7484023253422637
original	shape	VoxelVolume	774.8038749694828
original	firstorder	10Percentile	22.0
original	firstorder	90Percentile	45.0
original	firstorder	Energy	3644749.0
original	firstorder	Entropy	2.241703280967493
original	firstorder	InterquartileRange	12.0
original	firstorder	Kurtosis	3.0817059490979024
original	firstorder	Maximum	66.0
original	firstorder	MeanAbsoluteDeviation	7.078900641338226
original	firstorder	Mean	34.00712589073634
original	firstorder	Median	34.0
original	firstorder	Minimum	6.0
original	firstorder	Range	60.0
original	firstorder	RobustMeanAbsoluteDeviation	5.044672339543448
original	firstorder	RootMeanSquared	35.16768209009646
original	firstorder	Skewness	0.10107561815322233
original	firstorder	TotalEnergy	958250.9835395816
original	firstorder	Uniformity	0.24878002498385401
original	firstorder	Variance	80.2812522417016
original	glcm	Autocorrelation	23.668975944758532
original	glcm	ClusterProminence	42.750730525629756
original	glcm	ClusterShade	0.20557331067050116
original	glcm	ClusterTendency	3.7402005753164795
original	glcm	Contrast	1.2175817582798951
original	glcm	Correlation	0.5071630606052095
original	glcm	DifferenceAverage	0.7872186455362665
original	glcm	DifferenceEntropy	1.538017041774584
original	glcm	DifferenceVariance	0.573161901999807
original	glcm	Id	0.6700781252375022
original	glcm	Idm	0.6489849768756668
original	glcm	Idmn	0.985686387933272
original	glcm	Idn	0.925037128674759
original	glcm	Imc1	-0.1250702740627822
original	glcm	Imc2	0.5992859999454471
original	glcm	InverseVariance	0.4834799506702795
original	glcm	JointAverage	4.799816113484345
original	glcm	JointEnergy	0.08270479472124435
original	glcm	JointEntropy	4.106437455323824
original	glcm	MCC	0.5168793843181064
original	glcm	MaximumProbability	0.17752258716987576
original	glcm	SumAverage	9.59963222696869
original	glcm	SumEntropy	2.972988387090984
original	glcm	SumSquares	1.2394455833990938
original	gldm	DependenceEntropy	6.2179612802294795
original	gldm	DependenceNonUniformity	179.6610111978283
original	gldm	DependenceNonUniformityNormalized	0.060964035017926126
original	gldm	DependenceVariance	20.867601348515553
original	gldm	GrayLevelNonUniformity	733.1547336274177
original	gldm	GrayLevelVariance	1.330116989331602
original	gldm	HighGrayLevelEmphasis	24.485578554462165
original	gldm	LargeDependenceEmphasis	114.99117746861215
original	gldm	LargeDependenceHighGrayLevelEmphasis	2740.5581947743467
original	gldm	LargeDependenceLowGrayLevelEmphasis	5.707060509904424
original	gldm	LowGrayLevelEmphasis	0.05359146102860452
original	gldm	SmallDependenceEmphasis	0.03342818130987788
original	gldm	SmallDependenceHighGrayLevelEmphasis	0.9585824990429523
original	gldm	SmallDependenceLowGrayLevelEmphasis	0.0021553613621655646
original	glrlm	GrayLevelNonUniformity	449.3350102200146
original	glrlm	GrayLevelNonUniformityNormalized	0.22892407241716556
original	glrlm	GrayLevelVariance	1.521998431927627
original	glrlm	HighGrayLevelRunEmphasis	24.82380132293704
original	glrlm	LongRunEmphasis	3.5290211076460234
original	glrlm	LongRunHighGrayLevelEmphasis	85.27404341317249
original	glrlm	LongRunLowGrayLevelEmphasis	0.18211259508159588
original	glrlm	LowGrayLevelRunEmphasis	0.05488193192162872
original	glrlm	RunEntropy	3.68567441882077
original	glrlm	RunLengthNonUniformity	1031.6538175528065
original	glrlm	RunLengthNonUniformityNormalized	0.5132535787436285
original	glrlm	RunPercentage	0.6653180548667484
original	glrlm	RunVariance	0.9929910680356667
original	glrlm	ShortRunEmphasis	0.7342463317267822
original	glrlm	ShortRunHighGrayLevelEmphasis	18.480045962093683
original	glrlm	ShortRunLowGrayLevelEmphasis	0.040976447462384116
original	glszm	GrayLevelNonUniformity	12.2
original	glszm	GrayLevelNonUniformityNormalized	0.1525
original	glszm	GrayLevelVariance	4.69359375
original	glszm	HighGrayLevelZoneEmphasis	32.3875
original	glszm	LargeAreaEmphasis	23287.9375
original	glszm	LargeAreaHighGrayLevelEmphasis	566144.6875
original	glszm	LargeAreaLowGrayLevelEmphasis	1057.1170804280048
original	glszm	LowGrayLevelZoneEmphasis	0.08066146423847317
original	glszm	SizeZoneNonUniformity	9.225
original	glszm	SizeZoneNonUniformityNormalized	0.1153125
original	glszm	SmallAreaEmphasis	0.2737568002779492
original	glszm	SmallAreaHighGrayLevelEmphasis	9.741184110149982
original	glszm	SmallAreaLowGrayLevelEmphasis	0.021007419114989385
original	glszm	ZoneEntropy	5.474747626002129
original	glszm	ZonePercentage	0.027146250424160162
original	glszm	ZoneVariance	21930.936093750002
original	ngtdm	Busyness	6.959349976974762
original	ngtdm	Coarseness	0.0027677788230790422
original	ngtdm	Complexity	20.31361821892577
original	ngtdm	Contrast	0.021732848171816994
original	ngtdm	Strength	0.0834052554797086
