Image type	Feature Class	Feature Name	Segmentation_2_segment_tumora
diagnostics	Versions	PyRadiomics	v3.0.1.post15+g2791e23
diagnostics	Versions	Numpy	1.22.1
diagnostics	Versions	SimpleITK	2.2.0rc2.post15
diagnostics	Versions	PyWavelet	1.3.0
diagnostics	Versions	Python	3.9.10
diagnostics	Configuration	Settings	{'minimumROIDimensions': 2, 'minimumROISize': None, 'normalize': False, 'normalizeScale': 1, 'removeOutliers': None, 'resampledPixelSpacing': None, 'interpolator': 'sitkBSpline', 'preCrop': False, 'padDistance': 5, 'distances': [1], 'force2D': False, 'force2Ddimension': 0, 'resegmentRange': None, 'label': 1, 'additionalInfo': True, 'binWidth': 8.0, 'symmetricalGLCM': True, 'correctMask': True}
diagnostics	Configuration	EnabledImageTypes	{'Original': {}}
diagnostics	Image-original	Hash	808820e26857e4d3416f45fce83bd0dced54cc0d
diagnostics	Image-original	Dimensionality	3D
diagnostics	Image-original	Spacing	(0.3125000000000001, 0.31250000000000017, 0.3124999999999998)
diagnostics	Image-original	Size	(63, 98, 62)
diagnostics	Image-original	Mean	51.70554458342477
diagnostics	Image-original	Minimum	0.0
diagnostics	Image-original	Maximum	152.0
diagnostics	Mask-original	Hash	e7306084f9b69db81bd9256d3c68e2f71ea58533
diagnostics	Mask-original	Spacing	(0.3125000000000001, 0.3125000000000002, 0.3124999999999998)
diagnostics	Mask-original	Size	(63, 98, 62)
diagnostics	Mask-original	BoundingBox	(5, 5, 7, 54, 89, 37)
diagnostics	Mask-original	VoxelNum	45642
diagnostics	Mask-original	VolumeNum	1
diagnostics	Mask-original	CenterOfMassIndex	(27.445883177774856, 48.606787607905, 24.710792690942554)
diagnostics	Mask-original	CenterOfMass	(-20.785300493443255, 48.98766479324797, -43.915615265008)
original	shape	Elongation	0.518581573933758
original	shape	Flatness	0.2948525791975697
original	shape	LeastAxisLength	7.650223354219036
original	shape	MajorAxisLength	25.94592652042873
original	shape	Maximum2DDiameterColumn	20.021960599551683
original	shape	Maximum2DDiameterRow	28.272184320458873
original	shape	Maximum2DDiameterSlice	23.842336950265608
original	shape	Maximum3DDiameter	30.524388302634346
original	shape	MeshVolume	1390.7051086425809
original	shape	MinorAxisLength	13.455079412133564
original	shape	Sphericity	0.5831024127130184
original	shape	SurfaceArea	1033.3068761347167
original	shape	SurfaceVolumeRatio	0.7430093336920951
original	shape	VoxelVolume	1392.8833007812502
original	firstorder	10Percentile	37.0
original	firstorder	90Percentile	68.0
original	firstorder	Energy	122999422.0
original	firstorder	Entropy	2.563113978503036
original	firstorder	InterquartileRange	14.0
original	firstorder	Kurtosis	4.354811570542018
original	firstorder	Maximum	109.0
original	firstorder	MeanAbsoluteDeviation	9.338775081913182
original	firstorder	Mean	50.42224267122387
original	firstorder	Median	48.0
original	firstorder	Minimum	20.0
original	firstorder	Range	89.0
original	firstorder	RobustMeanAbsoluteDeviation	6.080751460608822
original	firstorder	RootMeanSquared	51.912172225498324
original	firstorder	Skewness	1.0641039591017403
original	firstorder	TotalEnergy	3753644.470214844
original	firstorder	Uniformity	0.21187511628907993
original	firstorder	Variance	152.4710691740102
original	glcm	Autocorrelation	25.342906602691077
original	glcm	ClusterProminence	362.55816408087264
original	glcm	ClusterShade	28.908651839045543
original	glcm	ClusterTendency	9.095552381375509
original	glcm	Contrast	0.40181692643106337
original	glcm	Correlation	0.9151364130526694
original	glcm	DifferenceAverage	0.36766056920524126
original	glcm	DifferenceEntropy	1.0126601493166514
original	glcm	DifferenceVariance	0.26056437821766293
original	glcm	Id	0.8216679721825239
original	glcm	Idm	0.8195825007997709
original	glcm	Idmn	0.997239658012512
original	glcm	Idn	0.971904356019411
original	glcm	Imc1	-0.4882014177824481
original	glcm	Imc2	0.9542286924166498
original	glcm	InverseVariance	0.33959036269674425
original	glcm	JointAverage	4.813431647400569
original	glcm	JointEnergy	0.11430222507833054
original	glcm	JointEntropy	3.8340414132106018
original	glcm	MCC	0.9250390528767297
original	glcm	MaximumProbability	0.23484538849330153
original	glcm	SumAverage	9.626863294801137
original	glcm	SumEntropy	3.392316830592035
original	glcm	SumSquares	2.374342326951643
original	gldm	DependenceEntropy	6.894251301426223
original	gldm	DependenceNonUniformity	2235.30191490294
original	gldm	DependenceNonUniformityNormalized	0.04897467058636651
original	gldm	DependenceVariance	33.694123014183916
original	gldm	GrayLevelNonUniformity	9670.404057666185
original	gldm	GrayLevelVariance	2.4656550623430626
original	gldm	HighGrayLevelEmphasis	26.115266640375093
original	gldm	LargeDependenceEmphasis	308.26777967661366
original	gldm	LargeDependenceHighGrayLevelEmphasis	6921.360873756627
original	gldm	LargeDependenceLowGrayLevelEmphasis	18.64396975342759
original	gldm	LowGrayLevelEmphasis	0.057095980040118524
original	gldm	SmallDependenceEmphasis	0.006898706663649238
original	gldm	SmallDependenceHighGrayLevelEmphasis	0.2362065384778285
original	gldm	SmallDependenceLowGrayLevelEmphasis	0.00034950083090967525
original	glrlm	GrayLevelNonUniformity	3279.1689132697543
original	glrlm	GrayLevelNonUniformityNormalized	0.1786674190689449
original	glrlm	GrayLevelVariance	3.006863149478288
original	glrlm	HighGrayLevelRunEmphasis	29.6312027952981
original	glrlm	LongRunEmphasis	12.192939578210058
original	glrlm	LongRunHighGrayLevelEmphasis	280.891488739397
original	glrlm	LongRunLowGrayLevelEmphasis	0.7197418746002586
original	glrlm	LowGrayLevelRunEmphasis	0.05389649059746614
original	glrlm	RunEntropy	5.111882502865959
original	glrlm	RunLengthNonUniformity	5007.062131064031
original	glrlm	RunLengthNonUniformityNormalized	0.2618530290201879
original	glrlm	RunPercentage	0.4011436834494544
original	glrlm	RunVariance	5.003511667362569
original	glrlm	ShortRunEmphasis	0.4879056874787175
original	glrlm	ShortRunHighGrayLevelEmphasis	16.316921465269576
original	glrlm	ShortRunLowGrayLevelEmphasis	0.024300162134731837
original	glszm	GrayLevelNonUniformity	11.72549019607843
original	glszm	GrayLevelNonUniformityNormalized	0.11495578623606305
original	glszm	GrayLevelVariance	7.682814302191464
original	glszm	HighGrayLevelZoneEmphasis	44.3921568627451
original	glszm	LargeAreaEmphasis	4002473.7647058824
original	glszm	LargeAreaHighGrayLevelEmphasis	81879812.6764706
original	glszm	LargeAreaLowGrayLevelEmphasis	222270.91404344098
original	glszm	LowGrayLevelZoneEmphasis	0.0792758105308239
original	glszm	SizeZoneNonUniformity	3.156862745098039
original	glszm	SizeZoneNonUniformityNormalized	0.03094963475586313
original	glszm	SmallAreaEmphasis	0.09488663947695825
original	glszm	SmallAreaHighGrayLevelEmphasis	4.981727204716527
original	glszm	SmallAreaLowGrayLevelEmphasis	0.0037514596139735447
original	glszm	ZoneEntropy	6.454144337005875
original	glszm	ZonePercentage	0.0022347837518075456
original	glszm	ZoneVariance	3802243.837370242
original	ngtdm	Busyness	35.535156097109095
original	ngtdm	Coarseness	0.0004144709649702618
original	ngtdm	Complexity	18.433733232413577
original	ngtdm	Contrast	0.010205829192210187
original	ngtdm	Strength	0.03284064602137802
