Image type	Feature Class	Feature Name	Segmentation_4_segment_Segment_1
diagnostics	Versions	PyRadiomics	v3.0.1.post15+g2791e23
diagnostics	Versions	Numpy	1.22.1
diagnostics	Versions	SimpleITK	2.2.0rc2.post15
diagnostics	Versions	PyWavelet	1.3.0
diagnostics	Versions	Python	3.9.10
diagnostics	Configuration	Settings	{'minimumROIDimensions': 2, 'minimumROISize': None, 'normalize': False, 'normalizeScale': 1, 'removeOutliers': None, 'resampledPixelSpacing': None, 'interpolator': 'sitkBSpline', 'preCrop': False, 'padDistance': 5, 'distances': [1], 'force2D': False, 'force2Ddimension': 0, 'resegmentRange': None, 'label': 1, 'additionalInfo': True, 'binWidth': 8.0, 'symmetricalGLCM': True, 'correctMask': True}
diagnostics	Configuration	EnabledImageTypes	{'Original': {}}
diagnostics	Image-original	Hash	5ec18bdaf108777f6e0f5551fd7d2e402f027c66
diagnostics	Image-original	Dimensionality	3D
diagnostics	Image-original	Spacing	(0.31249999999999994, 0.31249999999999994, 0.31249999999999983)
diagnostics	Image-original	Size	(94, 85, 106)
diagnostics	Image-original	Mean	50.44108083217229
diagnostics	Image-original	Minimum	0.0
diagnostics	Image-original	Maximum	166.0
diagnostics	Mask-original	Hash	fb956fe744fb09b2c11635606f3f9eedb1617aef
diagnostics	Mask-original	Spacing	(0.31249999999999994, 0.31249999999999994, 0.31249999999999983)
diagnostics	Mask-original	Size	(94, 85, 106)
diagnostics	Mask-original	BoundingBox	(5, 8, 15, 82, 67, 77)
diagnostics	Mask-original	VoxelNum	127983
diagnostics	Mask-original	VolumeNum	1
diagnostics	Mask-original	CenterOfMassIndex	(45.792886555245616, 44.59260995600978, 53.752193650719235)
diagnostics	Mask-original	CenterOfMass	(-16.15359791223692, 30.304291471684834, 48.90612751296172)
original	shape	Elongation	0.662632871090267
original	shape	Flatness	0.600284500747239
original	shape	LeastAxisLength	15.039300263755761
original	shape	MajorAxisLength	25.0536208165207
original	shape	Maximum2DDiameterColumn	29.38995629887869
original	shape	Maximum2DDiameterRow	23.997477080934974
original	shape	Maximum2DDiameterSlice	26.11572801972022
original	shape	Maximum3DDiameter	29.761421127022803
original	shape	MeshVolume	3902.9108683268128
original	shape	MinorAxisLength	16.60135269285799
original	shape	Sphericity	0.6004312819011834
original	shape	SurfaceArea	1996.5486763656374
original	shape	SurfaceVolumeRatio	0.5115537463507493
original	shape	VoxelVolume	3905.7312011718714
original	firstorder	10Percentile	20.0
original	firstorder	90Percentile	47.0
original	firstorder	Energy	163948324.0
original	firstorder	Entropy	2.602212575702765
original	firstorder	InterquartileRange	15.0
original	firstorder	Kurtosis	8.4367670005417
original	firstorder	Maximum	127.0
original	firstorder	MeanAbsoluteDeviation	9.300287737820545
original	firstorder	Mean	33.45839681832744
original	firstorder	Median	32.0
original	firstorder	Minimum	0.0
original	firstorder	Range	127.0
original	firstorder	RobustMeanAbsoluteDeviation	6.097810271507435
original	firstorder	RootMeanSquared	35.79128967001304
original	firstorder	Skewness	1.4396287679880815
original	firstorder	TotalEnergy	5003305.786132809
original	firstorder	Uniformity	0.20294388184344492
original	firstorder	Variance	161.55209859011887
original	glcm	Autocorrelation	23.941698684137332
original	glcm	ClusterProminence	592.8020189395646
original	glcm	ClusterShade	32.380615585903875
original	glcm	ClusterTendency	8.662809877466046
original	glcm	Contrast	0.7534907991183031
original	glcm	Correlation	0.8384333009284467
original	glcm	DifferenceAverage	0.5517737764635161
original	glcm	DifferenceEntropy	1.2864273625726173
original	glcm	DifferenceVariance	0.42753061477691134
original	glcm	Id	0.7528142613837677
original	glcm	Idm	0.7437672691676821
original	glcm	Idmn	0.9970993958300686
original	glcm	Idn	0.9681791338081168
original	glcm	Imc1	-0.35111981515824603
original	glcm	Imc2	0.8987933954414368
original	glcm	InverseVariance	0.41810336108629953
original	glcm	JointAverage	4.686583760607757
original	glcm	JointEnergy	0.08471216783773941
original	glcm	JointEntropy	4.212597634341993
original	glcm	MCC	0.8630862519508563
original	glcm	MaximumProbability	0.16523273998436105
original	glcm	SumAverage	9.373167521215512
original	glcm	SumEntropy	3.4443029520171917
original	glcm	SumSquares	2.3540751691460877
original	gldm	DependenceEntropy	6.98783858190508
original	gldm	DependenceNonUniformity	6137.412367267528
original	gldm	DependenceNonUniformityNormalized	0.04795490312984949
original	gldm	DependenceVariance	32.92287620767483
original	gldm	GrayLevelNonUniformity	25973.366829969604
original	gldm	GrayLevelVariance	2.603600248891767
original	gldm	HighGrayLevelEmphasis	25.135064813295514
original	gldm	LargeDependenceEmphasis	230.80339576349985
original	gldm	LargeDependenceHighGrayLevelEmphasis	5087.898494331278
original	gldm	LargeDependenceLowGrayLevelEmphasis	14.65001267532484
original	gldm	LowGrayLevelEmphasis	0.0656163116269843
original	gldm	SmallDependenceEmphasis	0.012356904709341128
original	gldm	SmallDependenceHighGrayLevelEmphasis	0.4954391413411017
original	gldm	SmallDependenceLowGrayLevelEmphasis	0.000794199020387213
original	glrlm	GrayLevelNonUniformity	11559.418624412454
original	glrlm	GrayLevelNonUniformityNormalized	0.18078280791110884
original	glrlm	GrayLevelVariance	3.4297142651583874
original	glrlm	HighGrayLevelRunEmphasis	27.68961626247659
original	glrlm	LongRunEmphasis	9.426996905944135
original	glrlm	LongRunHighGrayLevelEmphasis	214.373251330997
original	glrlm	LongRunLowGrayLevelEmphasis	0.6001993952220446
original	glrlm	LowGrayLevelRunEmphasis	0.06629304763052252
original	glrlm	RunEntropy	4.777484960332545
original	glrlm	RunLengthNonUniformity	23608.561747268755
original	glrlm	RunLengthNonUniformityNormalized	0.3522404683326178
original	glrlm	RunPercentage	0.49742303515070224
original	glrlm	RunVariance	3.873463545346297
original	glrlm	ShortRunEmphasis	0.5920818393642929
original	glrlm	ShortRunHighGrayLevelEmphasis	17.91876846474887
original	glrlm	ShortRunLowGrayLevelEmphasis	0.03885800057889548
original	glszm	GrayLevelNonUniformity	60.31295487627365
original	glszm	GrayLevelNonUniformityNormalized	0.08779178293489615
original	glszm	GrayLevelVariance	12.553523642442617
original	glszm	HighGrayLevelZoneEmphasis	62.72197962154294
original	glszm	LargeAreaEmphasis	4391244.132459971
original	glszm	LargeAreaHighGrayLevelEmphasis	91945233.65211062
original	glszm	LargeAreaLowGrayLevelEmphasis	243405.02866281784
original	glszm	LowGrayLevelZoneEmphasis	0.09027357058537547
original	glszm	SizeZoneNonUniformity	31.62882096069869
original	glszm	SizeZoneNonUniformityNormalized	0.04603904069970697
original	glszm	SmallAreaEmphasis	0.16174196325731352
original	glszm	SmallAreaHighGrayLevelEmphasis	10.310645053903531
original	glszm	SmallAreaLowGrayLevelEmphasis	0.01321390464192537
original	glszm	ZoneEntropy	8.101848057570441
original	glszm	ZonePercentage	0.005367900424275099
original	glszm	ZoneVariance	4356539.208431063
original	ngtdm	Busyness	74.48662186232238
original	ngtdm	Coarseness	0.00012859753331313296
original	ngtdm	Complexity	48.74216853769229
original	ngtdm	Contrast	0.007423881530014077
original	ngtdm	Strength	0.027724527477719984
