Image type	Feature Class	Feature Name	Segmentation_7_segment_tumora
diagnostics	Versions	PyRadiomics	v3.0.1.post15+g2791e23
diagnostics	Versions	Numpy	1.22.1
diagnostics	Versions	SimpleITK	2.2.0rc2.post15
diagnostics	Versions	PyWavelet	1.3.0
diagnostics	Versions	Python	3.9.10
diagnostics	Configuration	Settings	{'minimumROIDimensions': 2, 'minimumROISize': None, 'normalize': False, 'normalizeScale': 1, 'removeOutliers': None, 'resampledPixelSpacing': None, 'interpolator': 'sitkBSpline', 'preCrop': False, 'padDistance': 5, 'distances': [1], 'force2D': False, 'force2Ddimension': 0, 'resegmentRange': None, 'label': 1, 'additionalInfo': True, 'binWidth': 8.0, 'symmetricalGLCM': True, 'correctMask': True}
diagnostics	Configuration	EnabledImageTypes	{'Original': {}}
diagnostics	Image-original	Hash	cce239f9ac5b5fb90e29d287588410848a8fc50a
diagnostics	Image-original	Dimensionality	3D
diagnostics	Image-original	Spacing	(0.3125, 0.3125000000000002, 0.3125)
diagnostics	Image-original	Size	(105, 80, 87)
diagnostics	Image-original	Mean	60.580544608648054
diagnostics	Image-original	Minimum	0.0
diagnostics	Image-original	Maximum	202.0
diagnostics	Mask-original	Hash	9254961498d005eb5cc29f14b1b9a515dba5347b
diagnostics	Mask-original	Spacing	(0.3125, 0.3125000000000002, 0.3125)
diagnostics	Mask-original	Size	(105, 80, 87)
diagnostics	Mask-original	BoundingBox	(5, 7, 7, 95, 69, 62)
diagnostics	Mask-original	VoxelNum	231089
diagnostics	Mask-original	VolumeNum	1
diagnostics	Mask-original	CenterOfMassIndex	(51.4928577301386, 40.81051023631588, 41.5157147246299)
diagnostics	Mask-original	CenterOfMass	(18.353240689056733, 13.929128650826069, -47.85697003454605)
original	shape	Elongation	0.7692098711519763
original	shape	Flatness	0.7201244633053617
original	shape	LeastAxisLength	19.299996081794617
original	shape	MajorAxisLength	26.800917154248438
original	shape	Maximum2DDiameterColumn	30.014644862966477
original	shape	Maximum2DDiameterRow	25.69350598886809
original	shape	Maximum2DDiameterSlice	29.613394351205333
original	shape	Maximum3DDiameter	33.2764814658942
original	shape	MeshVolume	7048.627217610662
original	shape	MinorAxisLength	20.61553003097423
original	shape	Sphericity	0.6505577706491719
original	shape	SurfaceArea	2732.758690852172
original	shape	SurfaceVolumeRatio	0.38770083967903757
original	shape	VoxelVolume	7052.27661132813
original	firstorder	10Percentile	30.0
original	firstorder	90Percentile	55.0
original	firstorder	Energy	430980517.0
original	firstorder	Entropy	2.451166938651145
original	firstorder	InterquartileRange	11.0
original	firstorder	Kurtosis	5.588102934368742
original	firstorder	Maximum	127.0
original	firstorder	MeanAbsoluteDeviation	7.856909080187103
original	firstorder	Mean	41.764683736569026
original	firstorder	Median	41.0
original	firstorder	Minimum	0.0
original	firstorder	Range	127.0
original	firstorder	RobustMeanAbsoluteDeviation	4.844512120733852
original	firstorder	RootMeanSquared	43.185622315838444
original	firstorder	Skewness	0.301342562718078
original	firstorder	TotalEnergy	13152481.5979004
original	firstorder	Uniformity	0.24021428835954822
original	firstorder	Variance	120.70916719061006
original	glcm	Autocorrelation	34.629729284564526
original	glcm	ClusterProminence	241.83170040384246
original	glcm	ClusterShade	3.173187735959398
original	glcm	ClusterTendency	6.792201668332833
original	glcm	Contrast	0.44975746921117044
original	glcm	Correlation	0.8750619535317686
original	glcm	DifferenceAverage	0.36669705655939444
original	glcm	DifferenceEntropy	1.0619047204657182
original	glcm	DifferenceVariance	0.3083569678242734
original	glcm	Id	0.8287195997204134
original	glcm	Idm	0.8247914575108647
original	glcm	Idmn	0.9982620435146757
original	glcm	Idn	0.9786929053815592
original	glcm	Imc1	-0.4518274181771941
original	glcm	Imc2	0.9357346258792332
original	glcm	InverseVariance	0.309623833941182
original	glcm	JointAverage	5.748394451157399
original	glcm	JointEnergy	0.13957969801747186
original	glcm	JointEntropy	3.7062603454819967
original	glcm	MCC	0.878211776519086
original	glcm	MaximumProbability	0.27033115685317033
original	glcm	SumAverage	11.496788902314798
original	glcm	SumEntropy	3.211208612522919
original	glcm	SumSquares	1.8104897843860006
original	gldm	DependenceEntropy	6.737986245088562
original	gldm	DependenceNonUniformity	11771.606735932908
original	gldm	DependenceNonUniformityNormalized	0.05093971039700249
original	gldm	DependenceVariance	42.52139133440473
original	gldm	GrayLevelNonUniformity	55510.87968271964
original	gldm	GrayLevelVariance	1.9708793453223092
original	gldm	HighGrayLevelEmphasis	35.37680720415078
original	gldm	LargeDependenceEmphasis	354.78705174196955
original	gldm	LargeDependenceHighGrayLevelEmphasis	11851.167398707858
original	gldm	LargeDependenceLowGrayLevelEmphasis	13.155419691238189
original	gldm	LowGrayLevelEmphasis	0.04113276180565523
original	gldm	SmallDependenceEmphasis	0.007987385903330127
original	gldm	SmallDependenceHighGrayLevelEmphasis	0.3693143033413988
original	gldm	SmallDependenceLowGrayLevelEmphasis	0.00035495186334816547
original	glrlm	GrayLevelNonUniformity	14742.923211091293
original	glrlm	GrayLevelNonUniformityNormalized	0.17688514207174924
original	glrlm	GrayLevelVariance	3.0708283346049114
original	glrlm	HighGrayLevelRunEmphasis	38.085695584482536
original	glrlm	LongRunEmphasis	20.3122980122277
original	glrlm	LongRunHighGrayLevelEmphasis	680.1376284463082
original	glrlm	LongRunLowGrayLevelEmphasis	0.7477898766322842
original	glrlm	LowGrayLevelRunEmphasis	0.0454422699242291
original	glrlm	RunEntropy	5.338457752461967
original	glrlm	RunLengthNonUniformity	21859.53355425094
original	glrlm	RunLengthNonUniformityNormalized	0.25247668841574716
original	glrlm	RunPercentage	0.3588061476147884
original	glrlm	RunVariance	10.326271191370324
original	glrlm	ShortRunEmphasis	0.49280589043263945
original	glrlm	ShortRunHighGrayLevelEmphasis	20.255353407200207
original	glrlm	ShortRunLowGrayLevelEmphasis	0.023705609581908024
original	glszm	GrayLevelNonUniformity	64.31555555555556
original	glszm	GrayLevelNonUniformityNormalized	0.09528230452674898
original	glszm	GrayLevelVariance	9.613291632373112
original	glszm	HighGrayLevelZoneEmphasis	66.99111111111111
original	glszm	LargeAreaEmphasis	17818124.85185185
original	glszm	LargeAreaHighGrayLevelEmphasis	590804706.8074074
original	glszm	LargeAreaLowGrayLevelEmphasis	569628.1274157666
original	glszm	LowGrayLevelZoneEmphasis	0.05697713627120895
original	glszm	SizeZoneNonUniformity	34.69185185185185
original	glszm	SizeZoneNonUniformityNormalized	0.05139533607681756
original	glszm	SmallAreaEmphasis	0.18479035296537985
original	glszm	SmallAreaHighGrayLevelEmphasis	14.371927134365214
original	glszm	SmallAreaLowGrayLevelEmphasis	0.0054554605943756265
original	glszm	ZoneEntropy	7.947790452497353
original	glszm	ZonePercentage	0.0029209525334394975
original	glszm	ZoneVariance	17700918.539816737
original	ngtdm	Busyness	94.02484242432595
original	ngtdm	Coarseness	7.708090987800439e-05
original	ngtdm	Complexity	35.73161365702193
original	ngtdm	Contrast	0.004466858756670183
original	ngtdm	Strength	0.015590453322653469
