Image type	Feature Class	Feature Name	Segmentation_7_segment_tumora
diagnostics	Versions	PyRadiomics	v3.0.1.post15+g2791e23
diagnostics	Versions	Numpy	1.22.1
diagnostics	Versions	SimpleITK	2.2.0rc2.post15
diagnostics	Versions	PyWavelet	1.3.0
diagnostics	Versions	Python	3.9.10
diagnostics	Configuration	Settings	{'minimumROIDimensions': 2, 'minimumROISize': None, 'normalize': False, 'normalizeScale': 1, 'removeOutliers': None, 'resampledPixelSpacing': None, 'interpolator': 'sitkBSpline', 'preCrop': False, 'padDistance': 5, 'distances': [1], 'force2D': False, 'force2Ddimension': 0, 'resegmentRange': None, 'label': 1, 'additionalInfo': True, 'binWidth': 8.0, 'symmetricalGLCM': True, 'correctMask': True}
diagnostics	Configuration	EnabledImageTypes	{'Original': {}}
diagnostics	Image-original	Hash	1428c68df4f006daebabb010bc11bbb9ca25d4dc
diagnostics	Image-original	Dimensionality	3D
diagnostics	Image-original	Spacing	(0.3124999999999997, 0.3124999999999998, 0.3124999999999998)
diagnostics	Image-original	Size	(50, 64, 62)
diagnostics	Image-original	Mean	47.24202620967742
diagnostics	Image-original	Minimum	0.0
diagnostics	Image-original	Maximum	145.0
diagnostics	Mask-original	Hash	bdad5e79b5b81237ddde868ba1ac254e1c2ce66f
diagnostics	Mask-original	Spacing	(0.3124999999999997, 0.3124999999999998, 0.3124999999999998)
diagnostics	Mask-original	Size	(50, 64, 62)
diagnostics	Mask-original	BoundingBox	(2, 2, 7, 45, 59, 37)
diagnostics	Mask-original	VoxelNum	46449
diagnostics	Mask-original	VolumeNum	1
diagnostics	Mask-original	CenterOfMassIndex	(23.7349566190876, 28.405197097892312, 27.270231867209198)
diagnostics	Mask-original	CenterOfMass	(30.320727916558496, 20.403216027251787, -88.97775531692943)
original	shape	Elongation	0.838912059626598
original	shape	Flatness	0.7260515726417162
original	shape	LeastAxisLength	11.15015271402593
original	shape	MajorAxisLength	15.357246143626472
original	shape	Maximum2DDiameterColumn	16.357815410377988
original	shape	Maximum2DDiameterRow	19.32705762008277
original	shape	Maximum2DDiameterSlice	18.479824302465634
original	shape	Maximum3DDiameter	19.488077284586065
original	shape	MeshVolume	1415.8312479654926
original	shape	MinorAxisLength	12.883378992542314
original	shape	Sphericity	0.6898764434339708
original	shape	SurfaceArea	883.8674438560852
original	shape	SurfaceVolumeRatio	0.6242745702400455
original	shape	VoxelVolume	1417.5109863281218
original	firstorder	10Percentile	36.0
original	firstorder	90Percentile	61.0
original	firstorder	Energy	112834753.0
original	firstorder	Entropy	2.350583340565688
original	firstorder	InterquartileRange	12.0
original	firstorder	Kurtosis	3.663045501118488
original	firstorder	Maximum	109.0
original	firstorder	MeanAbsoluteDeviation	7.525921822305718
original	firstorder	Mean	48.313440547697475
original	firstorder	Median	48.0
original	firstorder	Minimum	17.0
original	firstorder	Range	92.0
original	firstorder	RobustMeanAbsoluteDeviation	5.16444380892526
original	firstorder	RootMeanSquared	49.28709903934653
original	firstorder	Skewness	0.34334975202617124
original	firstorder	TotalEnergy	3443443.38989257
original	firstorder	Uniformity	0.2357379984609394
original	firstorder	Variance	95.02959415845488
original	glcm	Autocorrelation	22.380558718497653
original	glcm	ClusterProminence	107.96739517972226
original	glcm	ClusterShade	3.929939451266142
original	glcm	ClusterTendency	5.570920791703051
original	glcm	Contrast	0.47015713379221336
original	glcm	Correlation	0.8441324569006755
original	glcm	DifferenceAverage	0.4053084380854847
original	glcm	DifferenceEntropy	1.0770468761212741
original	glcm	DifferenceVariance	0.2950901208689434
original	glcm	Id	0.8074406510924407
original	glcm	Idm	0.8037888822061198
original	glcm	Idmn	0.9967807427876848
original	glcm	Idn	0.969172104312515
original	glcm	Imc1	-0.40518394846507044
original	glcm	Imc2	0.9121903024935963
original	glcm	InverseVariance	0.35500864872904425
original	glcm	JointAverage	4.594055901122554
original	glcm	JointEnergy	0.11734689007793996
original	glcm	JointEntropy	3.714604924626655
original	glcm	MCC	0.8588866294313943
original	glcm	MaximumProbability	0.2096706127641315
original	glcm	SumAverage	9.18811180224511
original	glcm	SumEntropy	3.180438044423877
original	glcm	SumSquares	1.5102694813738167
original	gldm	DependenceEntropy	6.786783217311882
original	gldm	DependenceNonUniformity	2206.5546943960044
original	gldm	DependenceNonUniformityNormalized	0.04750489126560323
original	gldm	DependenceVariance	35.63714712757841
original	gldm	GrayLevelNonUniformity	10949.794290512174
original	gldm	GrayLevelVariance	1.5604990719111984
original	gldm	HighGrayLevelEmphasis	22.71467631165364
original	gldm	LargeDependenceEmphasis	297.6763547116192
original	gldm	LargeDependenceHighGrayLevelEmphasis	6586.352601778294
original	gldm	LargeDependenceLowGrayLevelEmphasis	17.620552544371186
original	gldm	LowGrayLevelEmphasis	0.06299112521379345
original	gldm	SmallDependenceEmphasis	0.008279557434773335
original	gldm	SmallDependenceHighGrayLevelEmphasis	0.2079909198716359
original	gldm	SmallDependenceLowGrayLevelEmphasis	0.000686762488212078
original	glrlm	GrayLevelNonUniformity	4067.5078873689
original	glrlm	GrayLevelNonUniformityNormalized	0.2100210484182378
original	glrlm	GrayLevelVariance	1.9021730406447046
original	glrlm	HighGrayLevelRunEmphasis	23.333023704878027
original	glrlm	LongRunEmphasis	13.750790765597554
original	glrlm	LongRunHighGrayLevelEmphasis	300.1445586724631
original	glrlm	LongRunLowGrayLevelEmphasis	0.8287191192340665
original	glrlm	LowGrayLevelRunEmphasis	0.06652118006936417
original	glrlm	RunEntropy	4.846826434948794
original	glrlm	RunLengthNonUniformity	5648.844570309566
original	glrlm	RunLengthNonUniformityNormalized	0.2770831448781369
original	glrlm	RunPercentage	0.4158605716443345
original	glrlm	RunVariance	5.5724804706267115
original	glrlm	ShortRunEmphasis	0.5072703273063919
original	glrlm	ShortRunHighGrayLevelEmphasis	12.027194781683363
original	glrlm	ShortRunLowGrayLevelEmphasis	0.03569250008436227
original	glszm	GrayLevelNonUniformity	16.496296296296297
original	glszm	GrayLevelNonUniformityNormalized	0.12219478737997257
original	glszm	GrayLevelVariance	7.375802469135802
original	glszm	HighGrayLevelZoneEmphasis	30.62962962962963
original	glszm	LargeAreaEmphasis	3472645.7555555557
original	glszm	LargeAreaHighGrayLevelEmphasis	73488812.26666667
original	glszm	LargeAreaLowGrayLevelEmphasis	182199.30208483172
original	glszm	LowGrayLevelZoneEmphasis	0.1610111193282991
original	glszm	SizeZoneNonUniformity	5.444444444444445
original	glszm	SizeZoneNonUniformityNormalized	0.040329218106995884
original	glszm	SmallAreaEmphasis	0.1525814436718053
original	glszm	SmallAreaHighGrayLevelEmphasis	4.389900020829923
original	glszm	SmallAreaLowGrayLevelEmphasis	0.022712687216281936
original	glszm	ZoneEntropy	6.713707819208914
original	glszm	ZonePercentage	0.002906413485758574
original	glszm	ZoneVariance	3354263.8844444444
original	ngtdm	Busyness	38.58667513593178
original	ngtdm	Coarseness	0.0003486209641303833
original	ngtdm	Complexity	20.998622130276196
original	ngtdm	Contrast	0.006874457214824985
original	ngtdm	Strength	0.03037016901622326
