Image type	Feature Class	Feature Name	Segmentation_3_segment_tumora
diagnostics	Versions	PyRadiomics	v3.0.1.post15+g2791e23
diagnostics	Versions	Numpy	1.22.1
diagnostics	Versions	SimpleITK	2.2.0rc2.post15
diagnostics	Versions	PyWavelet	1.3.0
diagnostics	Versions	Python	3.9.10
diagnostics	Configuration	Settings	{'minimumROIDimensions': 2, 'minimumROISize': None, 'normalize': False, 'normalizeScale': 1, 'removeOutliers': None, 'resampledPixelSpacing': None, 'interpolator': 'sitkBSpline', 'preCrop': False, 'padDistance': 5, 'distances': [1], 'force2D': False, 'force2Ddimension': 0, 'resegmentRange': None, 'label': 1, 'additionalInfo': True, 'binWidth': 8.0, 'symmetricalGLCM': True, 'correctMask': True}
diagnostics	Configuration	EnabledImageTypes	{'Original': {}}
diagnostics	Image-original	Hash	70a121172682d126fab7ae6619abaff88bae8791
diagnostics	Image-original	Dimensionality	3D
diagnostics	Image-original	Spacing	(0.43750000000000006, 0.4374999999999997, 0.43749999999999994)
diagnostics	Image-original	Size	(40, 38, 53)
diagnostics	Image-original	Mean	64.59939175769613
diagnostics	Image-original	Minimum	0.0
diagnostics	Image-original	Maximum	175.0
diagnostics	Mask-original	Hash	72d8e9507253b0db9c4a75d4293ed38cf3a1a40b
diagnostics	Mask-original	Spacing	(0.43750000000000006, 0.4374999999999997, 0.43749999999999994)
diagnostics	Mask-original	Size	(40, 38, 53)
diagnostics	Mask-original	BoundingBox	(2, 2, 5, 35, 35, 36)
diagnostics	Mask-original	VoxelNum	13977
diagnostics	Mask-original	VolumeNum	1
diagnostics	Mask-original	CenterOfMassIndex	(20.94140373470702, 18.306503541532518, 21.992916934964583)
diagnostics	Mask-original	CenterOfMass	(-9.848036827168396, 37.92403188806351, -23.773416584832773)
original	shape	Elongation	0.6679709421784679
original	shape	Flatness	0.5765359985509068
original	shape	LeastAxisLength	10.092533969074363
original	shape	MajorAxisLength	17.505470594102402
original	shape	Maximum2DDiameterColumn	16.630755582654686
original	shape	Maximum2DDiameterRow	19.17528112570973
original	shape	Maximum2DDiameterSlice	16.75116600419206
original	shape	Maximum3DDiameter	21.56213767811531
original	shape	MeshVolume	1166.7352396647145
original	shape	MinorAxisLength	11.693145686020046
original	shape	Sphericity	0.6473527070718906
original	shape	SurfaceArea	827.9257044533878
original	shape	SurfaceVolumeRatio	0.7096088952377142
original	shape	VoxelVolume	1170.4372558593743
original	firstorder	10Percentile	48.0
original	firstorder	90Percentile	83.0
original	firstorder	Energy	62475938.0
original	firstorder	Entropy	2.8279171075817247
original	firstorder	InterquartileRange	18.0
original	firstorder	Kurtosis	3.2486414724992323
original	firstorder	Maximum	103.0
original	firstorder	MeanAbsoluteDeviation	10.771128248291102
original	firstorder	Mean	65.41203405594906
original	firstorder	Median	65.0
original	firstorder	Minimum	16.0
original	firstorder	Range	87.0
original	firstorder	RobustMeanAbsoluteDeviation	7.411253732486408
original	firstorder	RootMeanSquared	66.85738870363126
original	firstorder	Skewness	-0.304529223944764
original	firstorder	TotalEnergy	5231749.690917965
original	firstorder	Uniformity	0.16770151050339352
original	firstorder	Variance	191.17622493180153
original	glcm	Autocorrelation	47.63203958805924
original	glcm	ClusterProminence	371.3317034476999
original	glcm	ClusterShade	-8.948229895050538
original	glcm	ClusterTendency	10.74530001657027
original	glcm	Contrast	0.6660033246948918
original	glcm	Correlation	0.8822678390668259
original	glcm	DifferenceAverage	0.5209289289810175
original	glcm	DifferenceEntropy	1.2447110442124725
original	glcm	DifferenceVariance	0.38238427942959785
original	glcm	Id	0.7614939321407955
original	glcm	Idm	0.7539148790701843
original	glcm	Idmn	0.9946199405188507
original	glcm	Idn	0.9574934398585302
original	glcm	Imc1	-0.41220750886890734
original	glcm	Imc2	0.942325259590787
original	glcm	InverseVariance	0.4140631164589079
original	glcm	JointAverage	6.716495084846252
original	glcm	JointEnergy	0.07217377504879406
original	glcm	JointEntropy	4.410570317930507
original	glcm	MCC	0.8883135835807264
original	glcm	MaximumProbability	0.1498290447668954
original	glcm	SumAverage	13.432990169692504
original	glcm	SumEntropy	3.694418385420362
original	glcm	SumSquares	2.8528258353162905
original	gldm	DependenceEntropy	7.15891094554503
original	gldm	DependenceNonUniformity	694.6296773270373
original	gldm	DependenceNonUniformityNormalized	0.04969805232360573
original	gldm	DependenceVariance	31.75458817657433
original	gldm	GrayLevelNonUniformity	2343.964012305931
original	gldm	GrayLevelVariance	3.0685627814363965
original	gldm	HighGrayLevelEmphasis	48.45954067396437
original	gldm	LargeDependenceEmphasis	219.00200329112113
original	gldm	LargeDependenceHighGrayLevelEmphasis	10425.359733848465
original	gldm	LargeDependenceLowGrayLevelEmphasis	5.989303380961252
original	gldm	LowGrayLevelEmphasis	0.03313646660202841
original	gldm	SmallDependenceEmphasis	0.01211917937932891
original	gldm	SmallDependenceHighGrayLevelEmphasis	0.5843562753599422
original	gldm	SmallDependenceLowGrayLevelEmphasis	0.0006575408058176668
original	glrlm	GrayLevelNonUniformity	1065.9087338893792
original	glrlm	GrayLevelNonUniformityNormalized	0.14863553637902116
original	glrlm	GrayLevelVariance	3.6960264854171947
original	glrlm	HighGrayLevelRunEmphasis	48.82377876199996
original	glrlm	LongRunEmphasis	6.7039712202299135
original	glrlm	LongRunHighGrayLevelEmphasis	318.83134347006785
original	glrlm	LongRunLowGrayLevelEmphasis	0.19645937055509916
original	glrlm	LowGrayLevelRunEmphasis	0.03698946975220562
original	glrlm	RunEntropy	4.863161817377224
original	glrlm	RunLengthNonUniformity	2693.6210510143965
original	glrlm	RunLengthNonUniformityNormalized	0.3654042225057913
original	glrlm	RunPercentage	0.512160087176185
original	glrlm	RunVariance	2.499316089808817
original	glrlm	ShortRunEmphasis	0.6110394201361966
original	glrlm	ShortRunHighGrayLevelEmphasis	29.828032915373207
original	glrlm	ShortRunLowGrayLevelEmphasis	0.024835400379532448
original	glszm	GrayLevelNonUniformity	6.606060606060606
original	glszm	GrayLevelNonUniformityNormalized	0.10009182736455463
original	glszm	GrayLevelVariance	11.15909090909091
original	glszm	HighGrayLevelZoneEmphasis	53.40909090909091
original	glszm	LargeAreaEmphasis	477901.5909090909
original	glszm	LargeAreaHighGrayLevelEmphasis	22628473.37878788
original	glszm	LargeAreaLowGrayLevelEmphasis	11276.104087641628
original	glszm	LowGrayLevelZoneEmphasis	0.13671799677055155
original	glszm	SizeZoneNonUniformity	4.0
original	glszm	SizeZoneNonUniformityNormalized	0.06060606060606061
original	glszm	SmallAreaEmphasis	0.19359319766842503
original	glszm	SmallAreaHighGrayLevelEmphasis	11.244398372337917
original	glszm	SmallAreaLowGrayLevelEmphasis	0.016782924709282603
original	glszm	ZoneEntropy	5.676747717744945
original	glszm	ZonePercentage	0.00472204335694355
original	glszm	ZoneVariance	433053.9028925619
original	ngtdm	Busyness	8.49297506055225
original	ngtdm	Coarseness	0.0014982275435125336
original	ngtdm	Complexity	15.467366977167245
original	ngtdm	Contrast	0.01768380540344507
original	ngtdm	Strength	0.06759771121253604
