Image type	Feature Class	Feature Name	Segmentation_5_segment_prostata
diagnostics	Versions	PyRadiomics	v3.0.1.post15+g2791e23
diagnostics	Versions	Numpy	1.22.1
diagnostics	Versions	SimpleITK	2.2.0rc2.post15
diagnostics	Versions	PyWavelet	1.3.0
diagnostics	Versions	Python	3.9.10
diagnostics	Configuration	Settings	{'minimumROIDimensions': 2, 'minimumROISize': None, 'normalize': False, 'normalizeScale': 1, 'removeOutliers': None, 'resampledPixelSpacing': None, 'interpolator': 'sitkBSpline', 'preCrop': False, 'padDistance': 5, 'distances': [1], 'force2D': False, 'force2Ddimension': 0, 'resegmentRange': None, 'label': 1, 'additionalInfo': True, 'binWidth': 8.0, 'symmetricalGLCM': True, 'correctMask': True}
diagnostics	Configuration	EnabledImageTypes	{'Original': {}}
diagnostics	Image-original	Hash	5c95995ea489de0b8dac20135d0702326971a7fb
diagnostics	Image-original	Dimensionality	3D
diagnostics	Image-original	Spacing	(0.31249999999999944, 0.3124999999999996, 0.31249999999999994)
diagnostics	Image-original	Size	(184, 148, 125)
diagnostics	Image-original	Mean	54.944261457109285
diagnostics	Image-original	Minimum	0.0
diagnostics	Image-original	Maximum	209.0
diagnostics	Mask-original	Hash	1dea9ffb4a1fb3dc167c23490641c4e31d7501ec
diagnostics	Mask-original	Spacing	(0.31249999999999944, 0.3124999999999996, 0.31249999999999994)
diagnostics	Mask-original	Size	(184, 148, 125)
diagnostics	Mask-original	BoundingBox	(12, 11, 7, 163, 130, 100)
diagnostics	Mask-original	VoxelNum	1047538
diagnostics	Mask-original	VolumeNum	1
diagnostics	Mask-original	CenterOfMassIndex	(90.95081324018794, 73.52044603632517, 61.60936405170982)
diagnostics	Mask-original	CenterOfMass	(3.1534381075484674, 31.263203067459557, -92.5346009436238)
original	shape	Elongation	0.7626489984441297
original	shape	Flatness	0.6295558992792443
original	shape	LeastAxisLength	29.20466087232822
original	shape	MajorAxisLength	46.38930539093284
original	shape	Maximum2DDiameterColumn	51.09828917145849
original	shape	Maximum2DDiameterRow	45.1256925154617
original	shape	Maximum2DDiameterSlice	52.19591997943891
original	shape	Maximum3DDiameter	52.94639092988294
original	shape	MeshVolume	31963.607788085865
original	shape	MinorAxisLength	35.3787572949138
original	shape	Sphericity	0.663295348986558
original	shape	SurfaceArea	7343.126915434611
original	shape	SurfaceVolumeRatio	0.2297339826004151
original	shape	VoxelVolume	31968.322753906148
original	firstorder	10Percentile	31.0
original	firstorder	90Percentile	78.0
original	firstorder	Energy	3408546134.0
original	firstorder	Entropy	3.2532096195489375
original	firstorder	InterquartileRange	24.0
original	firstorder	Kurtosis	5.489273297722886
original	firstorder	Maximum	195.0
original	firstorder	MeanAbsoluteDeviation	14.989303360197717
original	firstorder	Mean	53.595189864234044
original	firstorder	Median	51.0
original	firstorder	Minimum	0.0
original	firstorder	Range	195.0
original	firstorder	RobustMeanAbsoluteDeviation	10.331488458215388
original	firstorder	RootMeanSquared	57.04265026772119
original	firstorder	Skewness	1.0313526971690223
original	firstorder	TotalEnergy	104020572.93701139
original	firstorder	Uniformity	0.12568024805141947
original	firstorder	Variance	381.41957298225765
original	glcm	Autocorrelation	58.0290278238272
original	glcm	ClusterProminence	2887.971889692374
original	glcm	ClusterShade	112.71716015899666
original	glcm	ClusterTendency	22.920366713851383
original	glcm	Contrast	1.1866165826269581
original	glcm	Correlation	0.9015636046906523
original	glcm	DifferenceAverage	0.711995485402804
original	glcm	DifferenceEntropy	1.5112636953124174
original	glcm	DifferenceVariance	0.6452008195149315
original	glcm	Id	0.7053576866128322
original	glcm	Idm	0.6882260226962409
original	glcm	Idmn	0.9981229808603588
original	glcm	Idn	0.9732636364598839
original	glcm	Imc1	-0.3911714679649925
original	glcm	Imc2	0.9520948361643667
original	glcm	InverseVariance	0.4418565985131048
original	glcm	JointAverage	7.252281046296894
original	glcm	JointEnergy	0.04263954091651926
original	glcm	JointEntropy	5.228321695942887
original	glcm	MCC	0.9027583579103747
original	glcm	MaximumProbability	0.08849423283342307
original	glcm	SumAverage	14.504562092593783
original	glcm	SumEntropy	4.1819742444417525
original	glcm	SumSquares	6.026745824119587
original	gldm	DependenceEntropy	7.604664043545773
original	gldm	DependenceNonUniformity	53973.815558003625
original	gldm	DependenceNonUniformityNormalized	0.05152444642390407
original	gldm	DependenceVariance	30.616892711488724
original	gldm	GrayLevelNonUniformity	131654.83568328785
original	gldm	GrayLevelVariance	6.044341837096229
original	gldm	HighGrayLevelEmphasis	58.77720139985375
original	gldm	LargeDependenceEmphasis	190.74786022082253
original	gldm	LargeDependenceHighGrayLevelEmphasis	9450.12570999811
original	gldm	LargeDependenceLowGrayLevelEmphasis	5.693980550251073
original	gldm	LowGrayLevelEmphasis	0.027275452548535715
original	gldm	SmallDependenceEmphasis	0.014655755242323832
original	gldm	SmallDependenceHighGrayLevelEmphasis	1.1579676340390983
original	gldm	SmallDependenceLowGrayLevelEmphasis	0.0003508297412818569
original	glrlm	GrayLevelNonUniformity	68634.05185831359
original	glrlm	GrayLevelNonUniformityNormalized	0.1183112503692004
original	glrlm	GrayLevelVariance	6.880808281228105
original	glrlm	HighGrayLevelRunEmphasis	64.11071852164837
original	glrlm	LongRunEmphasis	7.730800401400756
original	glrlm	LongRunHighGrayLevelEmphasis	401.50287086936964
original	glrlm	LongRunLowGrayLevelEmphasis	0.2233615412533652
original	glrlm	LowGrayLevelRunEmphasis	0.025876286399189943
original	glrlm	RunEntropy	5.139625982509582
original	glrlm	RunLengthNonUniformity	248880.99275828834
original	glrlm	RunLengthNonUniformityNormalized	0.4121954362851341
original	glrlm	RunPercentage	0.551758210497082
original	glrlm	RunVariance	3.2029822885677297
original	glrlm	ShortRunEmphasis	0.6486351753962782
original	glrlm	ShortRunHighGrayLevelEmphasis	44.26037342060567
original	glrlm	ShortRunLowGrayLevelEmphasis	0.01604063131661019
original	glszm	GrayLevelNonUniformity	266.8381188118812
original	glszm	GrayLevelNonUniformityNormalized	0.06604903930987158
original	glszm	GrayLevelVariance	20.001360405842565
original	glszm	HighGrayLevelZoneEmphasis	111.22277227722772
original	glszm	LargeAreaEmphasis	29738246.136633664
original	glszm	LargeAreaHighGrayLevelEmphasis	1433876652.998515
original	glszm	LargeAreaLowGrayLevelEmphasis	722150.0788070528
original	glszm	LowGrayLevelZoneEmphasis	0.03629294970247304
original	glszm	SizeZoneNonUniformity	178.44158415841585
original	glszm	SizeZoneNonUniformityNormalized	0.04416870895010293
original	glszm	SmallAreaEmphasis	0.1653889090169957
original	glszm	SmallAreaHighGrayLevelEmphasis	20.2261677158566
original	glszm	SmallAreaLowGrayLevelEmphasis	0.0036400427151939163
original	glszm	ZoneEntropy	9.31175520241207
original	glszm	ZonePercentage	0.003856662001760318
original	glszm	ZoneVariance	29671014.011018287
original	ngtdm	Busyness	181.55424805326044
original	ngtdm	Coarseness	2.2143666150803987e-05
original	ngtdm	Complexity	131.42402610671448
original	ngtdm	Contrast	0.007594714992455979
original	ngtdm	Strength	0.011519248032714043
