Image type	Feature Class	Feature Name	Segmentation_segment_prostata
diagnostics	Versions	PyRadiomics	v3.0.1.post15+g2791e23
diagnostics	Versions	Numpy	1.22.1
diagnostics	Versions	SimpleITK	2.2.0rc2.post15
diagnostics	Versions	PyWavelet	1.3.0
diagnostics	Versions	Python	3.9.10
diagnostics	Configuration	Settings	{'minimumROIDimensions': 2, 'minimumROISize': None, 'normalize': False, 'normalizeScale': 1, 'removeOutliers': None, 'resampledPixelSpacing': None, 'interpolator': 'sitkBSpline', 'preCrop': False, 'padDistance': 5, 'distances': [1], 'force2D': False, 'force2Ddimension': 0, 'resegmentRange': None, 'label': 1, 'additionalInfo': True, 'binWidth': 8.0, 'symmetricalGLCM': True, 'correctMask': True}
diagnostics	Configuration	EnabledImageTypes	{'Original': {}}
diagnostics	Image-original	Hash	cd1a2a6643be59679be25fd9b519a3ead856861f
diagnostics	Image-original	Dimensionality	3D
diagnostics	Image-original	Spacing	(0.3125, 0.3124999999999998, 0.3125000000000001)
diagnostics	Image-original	Size	(211, 193, 187)
diagnostics	Image-original	Mean	66.2182809094599
diagnostics	Image-original	Minimum	0.0
diagnostics	Image-original	Maximum	203.0
diagnostics	Mask-original	Hash	0c1ab3e759146f412a853195510e035cf620eaa9
diagnostics	Mask-original	Spacing	(0.3125, 0.3124999999999998, 0.3125000000000001)
diagnostics	Mask-original	Size	(211, 193, 187)
diagnostics	Mask-original	BoundingBox	(5, 9, 7, 200, 178, 162)
diagnostics	Mask-original	VoxelNum	2648708
diagnostics	Mask-original	VolumeNum	2
diagnostics	Mask-original	CenterOfMassIndex	(108.99754106530429, 94.57412783893129, 98.5174360480657)
diagnostics	Mask-original	CenterOfMass	(-4.151024609639109, 33.782676733255, -52.69645375100362)
original	shape	Elongation	0.8989079892675697
original	shape	Flatness	0.841006523274387
original	shape	LeastAxisLength	46.006476622748266
original	shape	MajorAxisLength	54.70406631761426
original	shape	Maximum2DDiameterColumn	66.30083544911031
original	shape	Maximum2DDiameterRow	63.18762363983947
original	shape	Maximum2DDiameterSlice	63.83343192442342
original	shape	Maximum3DDiameter	69.78062723636123
original	shape	MeshVolume	80821.19115193821
original	shape	MinorAxisLength	49.173922258326414
original	shape	Sphericity	0.6031907033994982
original	shape	SurfaceArea	14986.94049528724
original	shape	SurfaceVolumeRatio	0.18543330383627774
original	shape	VoxelVolume	80832.15332031246
original	firstorder	10Percentile	42.0
original	firstorder	90Percentile	92.0
original	firstorder	Energy	12497975316.0
original	firstorder	Entropy	3.345994449189166
original	firstorder	InterquartileRange	25.0
original	firstorder	Kurtosis	3.672785469996404
original	firstorder	Maximum	181.0
original	firstorder	MeanAbsoluteDeviation	15.571466673944002
original	firstorder	Mean	65.68830539266692
original	firstorder	Median	64.0
original	firstorder	Minimum	0.0
original	firstorder	Range	181.0
original	firstorder	RobustMeanAbsoluteDeviation	10.63794570625825
original	firstorder	RootMeanSquared	68.69146672097692
original	firstorder	Skewness	0.5608447373640154
original	firstorder	TotalEnergy	381407938.11035144
original	firstorder	Uniformity	0.11862510578166348
original	firstorder	Variance	403.56413491880636
original	glcm	Autocorrelation	82.98032119686688
original	glcm	ClusterProminence	2221.724699676631
original	glcm	ClusterShade	68.7351973793122
original	glcm	ClusterTendency	24.593147818631316
original	glcm	Contrast	0.7713646154211363
original	glcm	Correlation	0.9391492150640346
original	glcm	DifferenceAverage	0.5535843969820647
original	glcm	DifferenceEntropy	1.2999680719462106
original	glcm	DifferenceVariance	0.4438797853591421
original	glcm	Id	0.7535287323614318
original	glcm	Idm	0.7440733811739749
original	glcm	Idmn	0.998553988322447
original	glcm	Idn	0.9772856303508514
original	glcm	Imc1	-0.4801615345913214
original	glcm	Imc2	0.9762766416856774
original	glcm	InverseVariance	0.4131264387107904
original	glcm	JointAverage	8.776381444441348
original	glcm	JointEnergy	0.04660487838930856
original	glcm	JointEntropy	5.0771270920640905
original	glcm	MCC	0.9414354663745809
original	glcm	MaximumProbability	0.09649920639013357
original	glcm	SumAverage	17.552762888882693
original	glcm	SumEntropy	4.271580726469816
original	glcm	SumSquares	6.341128108513113
original	gldm	DependenceEntropy	7.805507688478525
original	gldm	DependenceNonUniformity	129621.81534997441
original	gldm	DependenceNonUniformityNormalized	0.04893775204740364
original	gldm	DependenceVariance	32.360792434937935
original	gldm	GrayLevelNonUniformity	314203.2666847384
original	gldm	GrayLevelVariance	6.385775095274605
original	gldm	HighGrayLevelEmphasis	83.37091819860854
original	gldm	LargeDependenceEmphasis	245.16813178349597
original	gldm	LargeDependenceHighGrayLevelEmphasis	19352.27958083715
original	gldm	LargeDependenceLowGrayLevelEmphasis	4.3593443473655125
original	gldm	LowGrayLevelEmphasis	0.01767498227278645
original	gldm	SmallDependenceEmphasis	0.009920241341733105
original	gldm	SmallDependenceHighGrayLevelEmphasis	0.9111809352007059
original	gldm	SmallDependenceLowGrayLevelEmphasis	0.00017834317279741293
original	glrlm	GrayLevelNonUniformity	142919.8885018246
original	glrlm	GrayLevelNonUniformityNormalized	0.11287281552869488
original	glrlm	GrayLevelVariance	6.878237379575531
original	glrlm	HighGrayLevelRunEmphasis	86.45291599371329
original	glrlm	LongRunEmphasis	11.126272717133762
original	glrlm	LongRunHighGrayLevelEmphasis	885.0903759141644
original	glrlm	LongRunLowGrayLevelEmphasis	0.1958689424109418
original	glrlm	LowGrayLevelRunEmphasis	0.01761243688374908
original	glrlm	RunEntropy	5.522822285324543
original	glrlm	RunLengthNonUniformity	450644.0803730771
original	glrlm	RunLengthNonUniformityNormalized	0.33855177463839536
original	glrlm	RunPercentage	0.4773877853481192
original	glrlm	RunVariance	4.737301443061828
original	glrlm	ShortRunEmphasis	0.5754263431660347
original	glrlm	ShortRunHighGrayLevelEmphasis	51.19913459677304
original	glrlm	ShortRunLowGrayLevelEmphasis	0.01006352567940528
original	glszm	GrayLevelNonUniformity	357.6297100019728
original	glszm	GrayLevelNonUniformityNormalized	0.07055231998460698
original	glszm	GrayLevelVariance	15.488700361914244
original	glszm	HighGrayLevelZoneEmphasis	108.93568751232985
original	glszm	LargeAreaEmphasis	142546239.73604262
original	glszm	LargeAreaHighGrayLevelEmphasis	10064722380.7102
original	glszm	LargeAreaLowGrayLevelEmphasis	2257111.748954804
original	glszm	LowGrayLevelZoneEmphasis	0.02714135336347206
original	glszm	SizeZoneNonUniformity	238.8918918918919
original	glszm	SizeZoneNonUniformityNormalized	0.047128011815326866
original	glszm	SmallAreaEmphasis	0.18305109319658364
original	glszm	SmallAreaHighGrayLevelEmphasis	18.93989775572481
original	glszm	SmallAreaLowGrayLevelEmphasis	0.004330928139518266
original	glszm	ZoneEntropy	9.329358230030941
original	glszm	ZonePercentage	0.0019137632385298794
original	glszm	ZoneVariance	142273201.4279897
original	ngtdm	Busyness	359.76574775996596
original	ngtdm	Coarseness	1.0550268900516256e-05
original	ngtdm	Complexity	82.93093210963076
original	ngtdm	Contrast	0.00807902680366385
original	ngtdm	Strength	0.003298411828761348
