Image type	Feature Class	Feature Name	Segmentation_2_1_segment_prostata
diagnostics	Versions	PyRadiomics	v3.0.1.post15+g2791e23
diagnostics	Versions	Numpy	1.22.1
diagnostics	Versions	SimpleITK	2.2.0rc2.post15
diagnostics	Versions	PyWavelet	1.3.0
diagnostics	Versions	Python	3.9.10
diagnostics	Configuration	Settings	{'minimumROIDimensions': 2, 'minimumROISize': None, 'normalize': False, 'normalizeScale': 1, 'removeOutliers': None, 'resampledPixelSpacing': None, 'interpolator': 'sitkBSpline', 'preCrop': False, 'padDistance': 5, 'distances': [1], 'force2D': False, 'force2Ddimension': 0, 'resegmentRange': None, 'label': 1, 'additionalInfo': True, 'binWidth': 8.0, 'symmetricalGLCM': True, 'correctMask': True}
diagnostics	Configuration	EnabledImageTypes	{'Original': {}}
diagnostics	Image-original	Hash	0b1100814a38b394c592a21d8fa8f32e6a67b1a0
diagnostics	Image-original	Dimensionality	3D
diagnostics	Image-original	Spacing	(0.39062499999999983, 0.39062499999999967, 0.3906249999999999)
diagnostics	Image-original	Size	(161, 132, 120)
diagnostics	Image-original	Mean	72.14625878348704
diagnostics	Image-original	Minimum	0.0
diagnostics	Image-original	Maximum	256.0
diagnostics	Mask-original	Hash	169a65189cea85c167d7736a800b6e11ef537e74
diagnostics	Mask-original	Spacing	(0.39062499999999983, 0.39062499999999967, 0.3906249999999999)
diagnostics	Mask-original	Size	(161, 132, 120)
diagnostics	Mask-original	BoundingBox	(6, 9, 5, 146, 116, 100)
diagnostics	Mask-original	VoxelNum	729100
diagnostics	Mask-original	VolumeNum	1
diagnostics	Mask-original	CenterOfMassIndex	(77.87359758606502, 66.03057193800576, 58.078384309422574)
diagnostics	Mask-original	CenterOfMass	(16.018555155917372, 44.35400539538953, -66.64320942115825)
original	shape	Elongation	0.7369512072398327
original	shape	Flatness	0.702731681688704
original	shape	LeastAxisLength	35.29553739972222
original	shape	MajorAxisLength	50.22619346676536
original	shape	Maximum2DDiameterColumn	57.522764260796116
original	shape	Maximum2DDiameterRow	47.90693543622491
original	shape	Maximum2DDiameterSlice	57.19288951721291
original	shape	Maximum3DDiameter	58.56900519165937
original	shape	MeshVolume	43450.11959473304
original	shape	MinorAxisLength	37.014253910394125
original	shape	Sphericity	0.5790858086001446
original	shape	SurfaceArea	10321.318658731001
original	shape	SurfaceVolumeRatio	0.23754407939494224
original	shape	VoxelVolume	43457.74650573723
original	firstorder	10Percentile	41.0
original	firstorder	90Percentile	123.0
original	firstorder	Energy	5440508083.0
original	firstorder	Entropy	3.9883086625619164
original	firstorder	InterquartileRange	44.0
original	firstorder	Kurtosis	3.6795879759938175
original	firstorder	Maximum	256.0
original	firstorder	MeanAbsoluteDeviation	25.863547688818674
original	firstorder	Mean	79.97248525579482
original	firstorder	Median	76.0
original	firstorder	Minimum	0.0
original	firstorder	Range	256.0
original	firstorder	RobustMeanAbsoluteDeviation	18.289627434275534
original	firstorder	RootMeanSquared	86.3825819455823
original	firstorder	Skewness	0.7663113294354206
original	firstorder	TotalEnergy	324279551.68485594
original	firstorder	Uniformity	0.07283720804886036
original	firstorder	Variance	1066.3520655969235
original	glcm	Autocorrelation	128.36207586683167
original	glcm	ClusterProminence	15734.329319932855
original	glcm	ClusterShade	397.70782712371323
original	glcm	ClusterTendency	65.9449033734884
original	glcm	Contrast	1.6444228009385577
original	glcm	Correlation	0.9513650978463247
original	glcm	DifferenceAverage	0.8078480361990638
original	glcm	DifferenceEntropy	1.6714330922897074
original	glcm	DifferenceVariance	0.956610744987946
original	glcm	Id	0.6893516167743907
original	glcm	Idm	0.6679183104980885
original	glcm	Idmn	0.9985089887149485
original	glcm	Idn	0.976903869683649
original	glcm	Imc1	-0.4599940532154715
original	glcm	Imc2	0.9852205609734065
original	glcm	InverseVariance	0.4300763070020459
original	glcm	JointAverage	10.596547142629685
original	glcm	JointEnergy	0.02245413960897237
original	glcm	JointEntropy	6.152831792912329
original	glcm	MCC	0.9532053464115418
original	glcm	MaximumProbability	0.04567062773538884
original	glcm	SumAverage	21.19309428525938
original	glcm	SumEntropy	4.953318167045505
original	glcm	SumSquares	16.897331543606732
original	gldm	DependenceEntropy	8.377043674466584
original	gldm	DependenceNonUniformity	35285.81075572624
original	gldm	DependenceNonUniformityNormalized	0.048396393849576516
original	gldm	DependenceVariance	34.946034957458785
original	gldm	GrayLevelNonUniformity	53105.60838842409
original	gldm	GrayLevelVariance	16.746289523820202
original	gldm	HighGrayLevelEmphasis	128.24447949526814
original	gldm	LargeDependenceEmphasis	183.17677684816897
original	gldm	LargeDependenceHighGrayLevelEmphasis	18373.878820463586
original	gldm	LargeDependenceLowGrayLevelEmphasis	3.437959728323791
original	gldm	LowGrayLevelEmphasis	0.014591479437303066
original	gldm	SmallDependenceEmphasis	0.02047164874230243
original	gldm	SmallDependenceHighGrayLevelEmphasis	3.5211347216885702
original	gldm	SmallDependenceLowGrayLevelEmphasis	0.00022030769997448426
original	glrlm	GrayLevelNonUniformity	29667.2671041092
original	glrlm	GrayLevelNonUniformityNormalized	0.07129097696640521
original	glrlm	GrayLevelVariance	17.346098458017593
original	glrlm	HighGrayLevelRunEmphasis	141.82079569746728
original	glrlm	LongRunEmphasis	5.9629118554452525
original	glrlm	LongRunHighGrayLevelEmphasis	648.8330419653231
original	glrlm	LongRunLowGrayLevelEmphasis	0.10459615934443385
original	glrlm	LowGrayLevelRunEmphasis	0.012761514015149843
original	glrlm	RunEntropy	5.71164676894397
original	glrlm	RunLengthNonUniformity	190639.5974215152
original	glrlm	RunLengthNonUniformityNormalized	0.44668180195859003
original	glrlm	RunPercentage	0.5701921230600424
original	glrlm	RunVariance	2.486008373173684
original	glrlm	ShortRunEmphasis	0.6858425797434629
original	glrlm	ShortRunHighGrayLevelEmphasis	103.65449413851898
original	glrlm	ShortRunLowGrayLevelEmphasis	0.007970213683133144
original	glszm	GrayLevelNonUniformity	304.96702533842415
original	glszm	GrayLevelNonUniformityNormalized	0.05292728659118781
original	glszm	GrayLevelVariance	28.004729787771588
original	glszm	HighGrayLevelZoneEmphasis	202.47205831308574
original	glszm	LargeAreaEmphasis	4820530.926414439
original	glszm	LargeAreaHighGrayLevelEmphasis	447776826.13710517
original	glszm	LargeAreaLowGrayLevelEmphasis	70174.36447639133
original	glszm	LowGrayLevelZoneEmphasis	0.012205013054349845
original	glszm	SizeZoneNonUniformity	671.4345713293995
original	glszm	SizeZoneNonUniformityNormalized	0.11652804084161741
original	glszm	SmallAreaEmphasis	0.3201646392948525
original	glszm	SmallAreaHighGrayLevelEmphasis	68.37465479727737
original	glszm	SmallAreaLowGrayLevelEmphasis	0.003290982714487935
original	glszm	ZoneEntropy	8.467510499339888
original	glszm	ZonePercentage	0.007902893978878068
original	glszm	ZoneVariance	4804519.586092246
original	ngtdm	Busyness	47.97725201701819
original	ngtdm	Coarseness	5.024292945932157e-05
original	ngtdm	Complexity	222.10512284517876
original	ngtdm	Contrast	0.01264018917044596
original	ngtdm	Strength	0.03381978448136096
