Image type	Feature Class	Feature Name	Segmentation_7_segment_prostata
diagnostics	Versions	PyRadiomics	v3.0.1.post15+g2791e23
diagnostics	Versions	Numpy	1.22.1
diagnostics	Versions	SimpleITK	2.2.0rc2.post15
diagnostics	Versions	PyWavelet	1.3.0
diagnostics	Versions	Python	3.9.10
diagnostics	Configuration	Settings	{'minimumROIDimensions': 2, 'minimumROISize': None, 'normalize': False, 'normalizeScale': 1, 'removeOutliers': None, 'resampledPixelSpacing': None, 'interpolator': 'sitkBSpline', 'preCrop': False, 'padDistance': 5, 'distances': [1], 'force2D': False, 'force2Ddimension': 0, 'resegmentRange': None, 'label': 1, 'additionalInfo': True, 'binWidth': 8.0, 'symmetricalGLCM': True, 'correctMask': True}
diagnostics	Configuration	EnabledImageTypes	{'Original': {}}
diagnostics	Image-original	Hash	1371ffc9318c44c25d9aace56f08629237377c88
diagnostics	Image-original	Dimensionality	3D
diagnostics	Image-original	Spacing	(0.31250000000000006, 0.3125, 0.3125)
diagnostics	Image-original	Size	(246, 227, 212)
diagnostics	Image-original	Mean	18.853431227459144
diagnostics	Image-original	Minimum	0.0
diagnostics	Image-original	Maximum	73.0
diagnostics	Mask-original	Hash	940e63746265742d0893957fe839071a48436b98
diagnostics	Mask-original	Spacing	(0.31250000000000006, 0.3125, 0.3125)
diagnostics	Mask-original	Size	(246, 227, 212)
diagnostics	Mask-original	BoundingBox	(32, 30, 7, 200, 176, 174)
diagnostics	Mask-original	VoxelNum	3319482
diagnostics	Mask-original	VolumeNum	1
diagnostics	Mask-original	CenterOfMassIndex	(129.86337537001256, 122.14398451324634, 105.88065186074213)
diagnostics	Mask-original	CenterOfMass	(0.33754056007408906, 25.288806884916095, -102.03027995066184)
original	shape	Elongation	0.962116769183199
original	shape	Flatness	0.84324992147866
original	shape	LeastAxisLength	48.111811963726005
original	shape	MajorAxisLength	57.05522258378718
original	shape	Maximum2DDiameterColumn	69.42003043070494
original	shape	Maximum2DDiameterRow	64.32947419340532
original	shape	Maximum2DDiameterSlice	63.18762363983949
original	shape	Maximum3DDiameter	70.37635988917017
original	shape	MeshVolume	101299.28843180356
original	shape	MinorAxisLength	54.89378641734161
original	shape	Sphericity	0.6294545985590415
original	shape	SurfaceArea	16695.162232901264
original	shape	SurfaceVolumeRatio	0.164810261664777
original	shape	VoxelVolume	101302.55126953126
original	firstorder	10Percentile	10.0
original	firstorder	90Percentile	23.0
original	firstorder	Energy	934819763.0
original	firstorder	Entropy	1.578235513998581
original	firstorder	InterquartileRange	6.0
original	firstorder	Kurtosis	5.641336802453271
original	firstorder	Maximum	56.0
original	firstorder	MeanAbsoluteDeviation	4.234283782372362
original	firstorder	Mean	15.797722355475944
original	firstorder	Median	15.0
original	firstorder	Minimum	0.0
original	firstorder	Range	56.0
original	firstorder	RobustMeanAbsoluteDeviation	2.8111511335223405
original	firstorder	RootMeanSquared	16.78142296342767
original	firstorder	Skewness	1.1636134828865803
original	firstorder	TotalEnergy	28528435.150146488
original	firstorder	Uniformity	0.4033188957250766
original	firstorder	Variance	32.04812505675309
original	glcm	Autocorrelation	6.904314706822051
original	glcm	ClusterProminence	23.530175869372336
original	glcm	ClusterShade	3.3637002636955016
original	glcm	ClusterTendency	2.171903072084966
original	glcm	Contrast	0.18861782024008183
original	glcm	Correlation	0.8401638504532046
original	glcm	DifferenceAverage	0.18448355953205656
original	glcm	DifferenceEntropy	0.6893141868773469
original	glcm	DifferenceVariance	0.15240345003579023
original	glcm	Id	0.9084350252499831
original	glcm	Idm	0.9081715294215307
original	glcm	Idmn	0.9971041497016538
original	glcm	Idn	0.9795474639178079
original	glcm	Imc1	-0.49829236682235745
original	glcm	Imc2	0.8847530029124897
original	glcm	InverseVariance	0.1809808444615476
original	glcm	JointAverage	2.5314998402101456
original	glcm	JointEnergy	0.2970316690551092
original	glcm	JointEntropy	2.3644884776262587
original	glcm	MCC	0.8529100981428566
original	glcm	MaximumProbability	0.4546978597540429
original	glcm	SumAverage	5.062999680420291
original	glcm	SumEntropy	2.165300795798976
original	glcm	SumSquares	0.590130223081262
original	gldm	DependenceEntropy	5.08426779788346
original	gldm	DependenceNonUniformity	502069.51661915926
original	gldm	DependenceNonUniformityNormalized	0.15124935656200553
original	gldm	DependenceVariance	29.57105050968995
original	gldm	GrayLevelNonUniformity	1338809.814619269
original	gldm	GrayLevelVariance	0.591553983105389
original	gldm	HighGrayLevelEmphasis	6.975346454657685
original	gldm	LargeDependenceEmphasis	508.71467656700656
original	gldm	LargeDependenceHighGrayLevelEmphasis	3307.6799509682537
original	gldm	LargeDependenceLowGrayLevelEmphasis	104.93757943937747
original	gldm	LowGrayLevelEmphasis	0.20780776067867318
original	gldm	SmallDependenceEmphasis	0.003158388862813504
original	gldm	SmallDependenceHighGrayLevelEmphasis	0.025218051192740815
original	gldm	SmallDependenceLowGrayLevelEmphasis	0.000742725429862056
original	glrlm	GrayLevelNonUniformity	206934.90930378955
original	glrlm	GrayLevelNonUniformityNormalized	0.3169284628542055
original	glrlm	GrayLevelVariance	0.8722508042128752
original	glrlm	HighGrayLevelRunEmphasis	8.157733957444222
original	glrlm	LongRunEmphasis	84.75032423347226
original	glrlm	LongRunHighGrayLevelEmphasis	500.78345990132027
original	glrlm	LongRunLowGrayLevelEmphasis	17.9812754092842
original	glrlm	LowGrayLevelRunEmphasis	0.21404668337225982
original	glrlm	RunEntropy	5.470828765670033
original	glrlm	RunLengthNonUniformity	87087.10767463887
original	glrlm	RunLengthNonUniformityNormalized	0.1252903097587627
original	glrlm	RunPercentage	0.196563476794549
original	glrlm	RunVariance	44.68302011392829
original	glrlm	ShortRunEmphasis	0.2826945796483416
original	glrlm	ShortRunHighGrayLevelEmphasis	2.5912704625227545
original	glrlm	ShortRunLowGrayLevelEmphasis	0.06495401423503845
original	glszm	GrayLevelNonUniformity	418.00342857142857
original	glszm	GrayLevelNonUniformityNormalized	0.23885910204081634
original	glszm	GrayLevelVariance	2.9063758367346937
original	glszm	HighGrayLevelZoneEmphasis	11.627428571428572
original	glszm	LargeAreaEmphasis	2491284821.2845716
original	glszm	LargeAreaHighGrayLevelEmphasis	14047842726.377714
original	glszm	LargeAreaLowGrayLevelEmphasis	512578603.4683983
original	glszm	LowGrayLevelZoneEmphasis	0.40977687236799476
original	glszm	SizeZoneNonUniformity	43.565714285714286
original	glszm	SizeZoneNonUniformityNormalized	0.02489469387755102
original	glszm	SmallAreaEmphasis	0.11755093933472774
original	glszm	SmallAreaHighGrayLevelEmphasis	1.3362455111746643
original	glszm	SmallAreaLowGrayLevelEmphasis	0.04649190303276324
original	glszm	ZoneEntropy	8.44748237188657
original	glszm	ZonePercentage	0.0005271906881856868
original	glszm	ZoneVariance	2487686793.2851186
original	ngtdm	Busyness	7144.088124174163
original	ngtdm	Coarseness	5.180313533321736e-06
original	ngtdm	Complexity	5.986732675338461
original	ngtdm	Contrast	0.0035324990983270224
original	ngtdm	Strength	0.00028065668242548743
