Image type	Feature Class	Feature Name	Segmentation_11_segment_prostata
diagnostics	Versions	PyRadiomics	v3.0.1.post15+g2791e23
diagnostics	Versions	Numpy	1.22.1
diagnostics	Versions	SimpleITK	2.2.0rc2.post15
diagnostics	Versions	PyWavelet	1.3.0
diagnostics	Versions	Python	3.9.10
diagnostics	Configuration	Settings	{'minimumROIDimensions': 2, 'minimumROISize': None, 'normalize': False, 'normalizeScale': 1, 'removeOutliers': None, 'resampledPixelSpacing': None, 'interpolator': 'sitkBSpline', 'preCrop': False, 'padDistance': 5, 'distances': [1], 'force2D': False, 'force2Ddimension': 0, 'resegmentRange': None, 'label': 1, 'additionalInfo': True, 'binWidth': 8.0, 'symmetricalGLCM': True, 'correctMask': True}
diagnostics	Configuration	EnabledImageTypes	{'Original': {}}
diagnostics	Image-original	Hash	ade1ee6c5f1beb33123181f915d1ef69db5e283e
diagnostics	Image-original	Dimensionality	3D
diagnostics	Image-original	Spacing	(0.3125, 0.31250000000000056, 0.3124999999999999)
diagnostics	Image-original	Size	(192, 156, 125)
diagnostics	Image-original	Mean	78.03440064102564
diagnostics	Image-original	Minimum	0.0
diagnostics	Image-original	Maximum	225.0
diagnostics	Mask-original	Hash	f6f6be1fc47f5bfb4008ecfa43d7fbe9a7539278
diagnostics	Mask-original	Spacing	(0.3125, 0.31250000000000056, 0.3124999999999999)
diagnostics	Mask-original	Size	(192, 156, 125)
diagnostics	Mask-original	BoundingBox	(12, 15, 19, 165, 123, 75)
diagnostics	Mask-original	VoxelNum	762646
diagnostics	Mask-original	VolumeNum	1
diagnostics	Mask-original	CenterOfMassIndex	(93.99641904632031, 81.77700532094838, 62.048184872142514)
diagnostics	Mask-original	CenterOfMass	(-26.40793792600789, 34.39568997806979, -203.95167930356484)
original	shape	Elongation	0.6600426660621709
original	shape	Flatness	0.5102276363943054
original	shape	LeastAxisLength	24.88973946811319
original	shape	MajorAxisLength	48.78163723941901
original	shape	Maximum2DDiameterColumn	51.795873387751655
original	shape	Maximum2DDiameterRow	37.408743129113596
original	shape	Maximum2DDiameterSlice	51.775129768065284
original	shape	Maximum3DDiameter	52.03476902514318
original	shape	MeshVolume	23269.962310790797
original	shape	MinorAxisLength	32.19796189838381
original	shape	Sphericity	0.6001868415276373
original	shape	SurfaceArea	6567.4197500347655
original	shape	SurfaceVolumeRatio	0.2822273479570402
original	shape	VoxelVolume	23274.108886718783
original	firstorder	10Percentile	42.0
original	firstorder	90Percentile	131.0
original	firstorder	Energy	5934922089.0
original	firstorder	Entropy	4.016261630860517
original	firstorder	InterquartileRange	52.0
original	firstorder	Kurtosis	2.3596447367728755
original	firstorder	Maximum	193.0
original	firstorder	MeanAbsoluteDeviation	28.142988454861946
original	firstorder	Mean	81.58509321493851
original	firstorder	Median	75.0
original	firstorder	Minimum	0.0
original	firstorder	Range	193.0
original	firstorder	RobustMeanAbsoluteDeviation	21.30057789963006
original	firstorder	RootMeanSquared	88.2157260052659
original	firstorder	Skewness	0.45414304475761186
original	firstorder	TotalEnergy	181119448.51684594
original	firstorder	Uniformity	0.06895682811173286
original	firstorder	Variance	1125.886879745941
original	glcm	Autocorrelation	133.74746221631153
original	glcm	ClusterProminence	11496.519304233188
original	glcm	ClusterShade	261.7716121915855
original	glcm	ClusterTendency	70.1384139188889
original	glcm	Contrast	1.2304856264245154
original	glcm	Correlation	0.9655345967189466
original	glcm	DifferenceAverage	0.7357327206932075
original	glcm	DifferenceEntropy	1.5356097067147774
original	glcm	DifferenceVariance	0.6589174617249849
original	glcm	Id	0.6960740686831703
original	glcm	Idm	0.6782043282518567
original	glcm	Idmn	0.9980538093398081
original	glcm	Idn	0.972378017905322
original	glcm	Imc1	-0.4893848349418555
original	glcm	Imc2	0.9886008300532534
original	glcm	InverseVariance	0.454106589819126
original	glcm	JointAverage	10.79446017400595
original	glcm	JointEnergy	0.02131420835711376
original	glcm	JointEntropy	6.075230114521593
original	glcm	MCC	0.9664283363010593
original	glcm	MaximumProbability	0.05039269197876762
original	glcm	SumAverage	21.5889203480119
original	glcm	SumEntropy	4.988434281342098
original	glcm	SumSquares	17.84222488632835
original	gldm	DependenceEntropy	8.34512153631194
original	gldm	DependenceNonUniformity	41130.958688565865
original	gldm	DependenceNonUniformityNormalized	0.05393191426764955
original	gldm	DependenceVariance	28.394967993132497
original	gldm	GrayLevelNonUniformity	52589.64913210061
original	gldm	GrayLevelVariance	17.676115693501334
original	gldm	HighGrayLevelEmphasis	133.4622668970925
original	gldm	LargeDependenceEmphasis	176.57671318016486
original	gldm	LargeDependenceHighGrayLevelEmphasis	21696.73767121312
original	gldm	LargeDependenceLowGrayLevelEmphasis	2.9862686857309577
original	gldm	LowGrayLevelEmphasis	0.014635612039166988
original	gldm	SmallDependenceEmphasis	0.015676635496559795
original	gldm	SmallDependenceHighGrayLevelEmphasis	2.233220955399143
original	gldm	SmallDependenceLowGrayLevelEmphasis	0.0001980504911345252
original	glrlm	GrayLevelNonUniformity	29986.969386587043
original	glrlm	GrayLevelNonUniformityNormalized	0.06898301515758362
original	glrlm	GrayLevelVariance	16.759291738397533
original	glrlm	HighGrayLevelRunEmphasis	138.15042728152758
original	glrlm	LongRunEmphasis	5.875202434751246
original	glrlm	LongRunHighGrayLevelEmphasis	737.6030723079514
original	glrlm	LongRunLowGrayLevelEmphasis	0.09442658441100057
original	glrlm	LowGrayLevelRunEmphasis	0.01361616023506043
original	glrlm	RunEntropy	5.719218880211996
original	glrlm	RunLengthNonUniformity	195157.58558003686
original	glrlm	RunLengthNonUniformityNormalized	0.43528600207206
original	glrlm	RunPercentage	0.570269521154991
original	glrlm	RunVariance	2.3306717058838924
original	glrlm	ShortRunEmphasis	0.6735220434935238
original	glrlm	ShortRunHighGrayLevelEmphasis	95.11893390549561
original	glrlm	ShortRunLowGrayLevelEmphasis	0.008647257110900926
original	glszm	GrayLevelNonUniformity	176.52439862542954
original	glszm	GrayLevelNonUniformityNormalized	0.06066130536956342
original	glszm	GrayLevelVariance	21.46918718484666
original	glszm	HighGrayLevelZoneEmphasis	147.24810996563573
original	glszm	LargeAreaEmphasis	10139834.402061855
original	glszm	LargeAreaHighGrayLevelEmphasis	929766201.1079038
original	glszm	LargeAreaLowGrayLevelEmphasis	151454.54294118466
original	glszm	LowGrayLevelZoneEmphasis	0.018873395545023628
original	glszm	SizeZoneNonUniformity	220.62680412371134
original	glszm	SizeZoneNonUniformityNormalized	0.07581677117653311
original	glszm	SmallAreaEmphasis	0.2375664633325185
original	glszm	SmallAreaHighGrayLevelEmphasis	33.17739718357718
original	glszm	SmallAreaLowGrayLevelEmphasis	0.003287606802477405
original	glszm	ZoneEntropy	8.608725667769763
original	glszm	ZonePercentage	0.0038156628370174367
original	glszm	ZoneVariance	10071149.700497635
original	ngtdm	Busyness	79.51633250558454
original	ngtdm	Coarseness	5.3722203296646897e-05
original	ngtdm	Complexity	98.32087124782151
original	ngtdm	Contrast	0.02145835511257696
original	ngtdm	Strength	0.013445899934543067
