Image type	Feature Class	Feature Name	Segmentation_4_segment_prostata
diagnostics	Versions	PyRadiomics	v3.0.1.post15+g2791e23
diagnostics	Versions	Numpy	1.22.1
diagnostics	Versions	SimpleITK	2.2.0rc2.post15
diagnostics	Versions	PyWavelet	1.3.0
diagnostics	Versions	Python	3.9.10
diagnostics	Configuration	Settings	{'minimumROIDimensions': 2, 'minimumROISize': None, 'normalize': False, 'normalizeScale': 1, 'removeOutliers': None, 'resampledPixelSpacing': None, 'interpolator': 'sitkBSpline', 'preCrop': False, 'padDistance': 5, 'distances': [1], 'force2D': False, 'force2Ddimension': 0, 'resegmentRange': None, 'label': 1, 'additionalInfo': True, 'binWidth': 8.0, 'symmetricalGLCM': True, 'correctMask': True}
diagnostics	Configuration	EnabledImageTypes	{'Original': {}}
diagnostics	Image-original	Hash	e30ee1a0b72b9c8da874aace2219af4a507c0eb6
diagnostics	Image-original	Dimensionality	3D
diagnostics	Image-original	Spacing	(0.31250000000000017, 0.3125000000000003, 0.3125000000000001)
diagnostics	Image-original	Size	(183, 132, 125)
diagnostics	Image-original	Mean	72.20465043881437
diagnostics	Image-original	Minimum	0.0
diagnostics	Image-original	Maximum	203.0
diagnostics	Mask-original	Hash	b76f3824446d14fe7cf6cace2e890051ef6ddad4
diagnostics	Mask-original	Spacing	(0.3125000000000002, 0.31250000000000033, 0.31250000000000017)
diagnostics	Mask-original	Size	(183, 132, 125)
diagnostics	Mask-original	BoundingBox	(7, 8, 19, 169, 117, 88)
diagnostics	Mask-original	VoxelNum	882801
diagnostics	Mask-original	VolumeNum	1
diagnostics	Mask-original	CenterOfMassIndex	(93.46097478367152, 63.814056622047325, 60.67511251120015)
diagnostics	Mask-original	CenterOfMass	(-5.37618837012878, 51.35890703153514, -136.85784726578143)
original	shape	Elongation	0.6359854196217191
original	shape	Flatness	0.5860079521233019
original	shape	LeastAxisLength	27.709157272971225
original	shape	MajorAxisLength	47.28460965857498
original	shape	Maximum2DDiameterColumn	53.14797297404674
original	shape	Maximum2DDiameterRow	38.017265814363896
original	shape	Maximum2DDiameterSlice	52.545553153906404
original	shape	Maximum3DDiameter	53.49777302608028
original	shape	MeshVolume	26934.692382812547
original	shape	MinorAxisLength	30.072322315358
original	shape	Sphericity	0.6718306667647296
original	shape	SurfaceArea	6467.93500435696
original	shape	SurfaceVolumeRatio	0.24013398454419518
original	shape	VoxelVolume	26940.948486328172
original	firstorder	10Percentile	54.0
original	firstorder	90Percentile	108.0
original	firstorder	Energy	6010146713.0
original	firstorder	Entropy	3.477011317520097
original	firstorder	InterquartileRange	28.0
original	firstorder	Kurtosis	3.619861354329759
original	firstorder	Maximum	201.0
original	firstorder	MeanAbsoluteDeviation	17.213734382975847
original	firstorder	Mean	79.52945794125743
original	firstorder	Median	77.0
original	firstorder	Minimum	4.0
original	firstorder	Range	197.0
original	firstorder	RobustMeanAbsoluteDeviation	11.831904899310404
original	firstorder	RootMeanSquared	82.5108628248017
original	firstorder	Skewness	0.5471759463895491
original	firstorder	TotalEnergy	183415121.85668978
original	firstorder	Uniformity	0.10781769562396719
original	firstorder	Variance	483.1078036630099
original	glcm	Autocorrelation	118.15262557247047
original	glcm	ClusterProminence	3070.7810871043043
original	glcm	ClusterShade	88.00399349331911
original	glcm	ClusterTendency	29.15560502201137
original	glcm	Contrast	0.9181657435455303
original	glcm	Correlation	0.9388914708291696
original	glcm	DifferenceAverage	0.6218688756781451
original	glcm	DifferenceEntropy	1.3931147102335708
original	glcm	DifferenceVariance	0.5096178990601895
original	glcm	Id	0.7299070517134678
original	glcm	Idm	0.7174635603910748
original	glcm	Idmn	0.9986517175771821
original	glcm	Idn	0.9773483442842466
original	glcm	Imc1	-0.4614177912824206
original	glcm	Imc2	0.9763076410250251
original	glcm	InverseVariance	0.4347134156136581
original	glcm	JointAverage	10.540072236679793
original	glcm	JointEnergy	0.03860535873259399
original	glcm	JointEntropy	5.330596296235272
original	glcm	MCC	0.9398409992028032
original	glcm	MaximumProbability	0.08150986094121705
original	glcm	SumAverage	21.080144473359578
original	glcm	SumEntropy	4.413998881905113
original	glcm	SumSquares	7.518442691389226
original	gldm	DependenceEntropy	7.887649951423247
original	gldm	DependenceNonUniformity	45338.586108307536
original	gldm	DependenceNonUniformityNormalized	0.051357651507313126
original	gldm	DependenceVariance	29.82689633596217
original	gldm	GrayLevelNonUniformity	95181.56951453385
original	gldm	GrayLevelVariance	7.628668606424003
original	gldm	HighGrayLevelEmphasis	117.96223950811111
original	gldm	LargeDependenceEmphasis	212.7491960249252
original	gldm	LargeDependenceHighGrayLevelEmphasis	24045.875284463884
original	gldm	LargeDependenceLowGrayLevelEmphasis	2.4473853155451013
original	gldm	LowGrayLevelEmphasis	0.011475333034145026
original	gldm	SmallDependenceEmphasis	0.01134528666834755
original	gldm	SmallDependenceHighGrayLevelEmphasis	1.4662797145028623
original	gldm	SmallDependenceLowGrayLevelEmphasis	0.00013331452071945024
original	glrlm	GrayLevelNonUniformity	47323.43356978137
original	glrlm	GrayLevelNonUniformityNormalized	0.1032479596254554
original	glrlm	GrayLevelVariance	8.232859344639653
original	glrlm	HighGrayLevelRunEmphasis	121.08670593426271
original	glrlm	LongRunEmphasis	7.692481718131778
original	glrlm	LongRunHighGrayLevelEmphasis	876.0452045513298
original	glrlm	LongRunLowGrayLevelEmphasis	0.0877922930800126
original	glrlm	LowGrayLevelRunEmphasis	0.011464240780825462
original	glrlm	RunEntropy	5.46501124928848
original	glrlm	RunLengthNonUniformity	179877.31958531524
original	glrlm	RunLengthNonUniformityNormalized	0.379335479085227
original	glrlm	RunPercentage	0.5182739589451861
original	glrlm	RunVariance	3.1295828958046905
original	glrlm	ShortRunEmphasis	0.6180863725673517
original	glrlm	ShortRunHighGrayLevelEmphasis	76.53709224960556
original	glrlm	ShortRunLowGrayLevelEmphasis	0.007045574759969661
original	glszm	GrayLevelNonUniformity	108.49403069926095
original	glszm	GrayLevelNonUniformityNormalized	0.06167938072726603
original	glszm	GrayLevelVariance	24.337410688343322
original	glszm	HighGrayLevelZoneEmphasis	149.65264354747015
original	glszm	LargeAreaEmphasis	41852683.69812393
original	glszm	LargeAreaHighGrayLevelEmphasis	4235470264.8999434
original	glszm	LargeAreaLowGrayLevelEmphasis	451511.00057541294
original	glszm	LowGrayLevelZoneEmphasis	0.020625256779331917
original	glszm	SizeZoneNonUniformity	61.42751563388289
original	glszm	SizeZoneNonUniformityNormalized	0.034921839473497945
original	glszm	SmallAreaEmphasis	0.13975287446056686
original	glszm	SmallAreaHighGrayLevelEmphasis	18.588311128760793
original	glszm	SmallAreaLowGrayLevelEmphasis	0.002541275324375755
original	glszm	ZoneEntropy	9.211439814424285
original	glszm	ZonePercentage	0.001992521530899942
original	glszm	ZoneVariance	41600803.54191568
original	ngtdm	Busyness	81.76584065445563
original	ngtdm	Coarseness	3.386802477843912e-05
original	ngtdm	Complexity	107.1627690038364
original	ngtdm	Contrast	0.0077404149560361055
original	ngtdm	Strength	0.013013673644453126
