Image type	Feature Class	Feature Name	Segmentation_segment_prostata
diagnostics	Versions	PyRadiomics	v3.0.1.post15+g2791e23
diagnostics	Versions	Numpy	1.22.1
diagnostics	Versions	SimpleITK	2.2.0rc2.post15
diagnostics	Versions	PyWavelet	1.3.0
diagnostics	Versions	Python	3.9.10
diagnostics	Configuration	Settings	{'minimumROIDimensions': 2, 'minimumROISize': None, 'normalize': False, 'normalizeScale': 1, 'removeOutliers': None, 'resampledPixelSpacing': None, 'interpolator': 'sitkBSpline', 'preCrop': False, 'padDistance': 5, 'distances': [1], 'force2D': False, 'force2Ddimension': 0, 'resegmentRange': None, 'label': 1, 'additionalInfo': True, 'binWidth': 8.0, 'symmetricalGLCM': True, 'correctMask': True}
diagnostics	Configuration	EnabledImageTypes	{'Original': {}}
diagnostics	Image-original	Hash	da6aa5d1288fbf856d09071af95120a7ad7abb4c
diagnostics	Image-original	Dimensionality	3D
diagnostics	Image-original	Spacing	(0.2906250059604593, 0.2906250059604596, 0.29060000181198103)
diagnostics	Image-original	Size	(238, 223, 196)
diagnostics	Image-original	Mean	20.092813807137205
diagnostics	Image-original	Minimum	0.0
diagnostics	Image-original	Maximum	59.0
diagnostics	Mask-original	Hash	82aaddce66264d204aba386b95cac540fe2f5423
diagnostics	Mask-original	Spacing	(0.2906250059604593, 0.2906250059604596, 0.29060000181198103)
diagnostics	Mask-original	Size	(238, 223, 196)
diagnostics	Mask-original	BoundingBox	(16, 19, 11, 206, 187, 155)
diagnostics	Mask-original	VoxelNum	2916811
diagnostics	Mask-original	VolumeNum	1
diagnostics	Mask-original	CenterOfMassIndex	(118.8015802189446, 107.87195227939006, 93.89107281891079)
diagnostics	Mask-original	CenterOfMass	(-3.1173875099837502, 27.67831769853554, 13.022235504995521)
original	shape	Elongation	0.8950796115663693
original	shape	Flatness	0.7633637589477056
original	shape	LeastAxisLength	40.91008971438818
original	shape	MajorAxisLength	53.59186788063217
original	shape	Maximum2DDiameterColumn	60.829939911478455
original	shape	Maximum2DDiameterRow	55.74533301351766
original	shape	Maximum2DDiameterSlice	59.91387985103681
original	shape	Maximum3DDiameter	66.17268744042298
original	shape	MeshVolume	71587.30146549788
original	shape	MinorAxisLength	47.96898828571242
original	shape	Sphericity	0.6349649357158625
original	shape	SurfaceArea	13130.81580127747
original	shape	SurfaceVolumeRatio	0.18342381305720792
original	shape	VoxelVolume	71592.88441146724
original	firstorder	10Percentile	9.0
original	firstorder	90Percentile	22.0
original	firstorder	Energy	779064207.0
original	firstorder	Entropy	1.512560281124705
original	firstorder	InterquartileRange	7.0
original	firstorder	Kurtosis	3.5603892920690403
original	firstorder	Maximum	49.0
original	firstorder	MeanAbsoluteDeviation	3.974032243570244
original	firstorder	Mean	15.543307056919355
original	firstorder	Median	15.0
original	firstorder	Minimum	0.0
original	firstorder	Range	49.0
original	firstorder	RobustMeanAbsoluteDeviation	2.866657940517645
original	firstorder	RootMeanSquared	16.34302636452745
original	firstorder	Skewness	0.41399811681872234
original	firstorder	TotalEnergy	19122066.435179513
original	firstorder	Uniformity	0.40617674104071955
original	firstorder	Variance	25.500116485960373
original	glcm	Autocorrelation	6.624198473965611
original	glcm	ClusterProminence	10.399837072805305
original	glcm	ClusterShade	1.0071708963394541
original	glcm	ClusterTendency	1.7752752547990827
original	glcm	Contrast	0.16403835004310283
original	glcm	Correlation	0.8307666632845769
original	glcm	DifferenceAverage	0.16221966874583976
original	glcm	DifferenceEntropy	0.6365058762762232
original	glcm	DifferenceVariance	0.1362699865039737
original	glcm	Id	0.9191887663618474
original	glcm	Idm	0.9190720337568064
original	glcm	Idmn	0.9967235537126525
original	glcm	Idn	0.9797476504420728
original	glcm	Imc1	-0.5159160814206624
original	glcm	Imc2	0.8843070216790762
original	glcm	InverseVariance	0.16067094363917891
original	glcm	JointAverage	2.494271271154853
original	glcm	JointEnergy	0.30474631763193877
original	glcm	JointEntropy	2.237305069128466
original	glcm	MCC	0.83442355871171
original	glcm	MaximumProbability	0.43070970153332083
original	glcm	SumAverage	4.988542542309706
original	glcm	SumEntropy	2.066812984202667
original	glcm	SumSquares	0.4848284012105463
original	gldm	DependenceEntropy	4.908253190704867
original	gldm	DependenceNonUniformity	527484.0180316791
original	gldm	DependenceNonUniformityNormalized	0.18084271419426184
original	gldm	DependenceVariance	28.2830462105864
original	gldm	GrayLevelNonUniformity	1184740.7862117223
original	gldm	GrayLevelVariance	0.48823168437866515
original	gldm	HighGrayLevelEmphasis	6.711237375339026
original	gldm	LargeDependenceEmphasis	530.6519267103696
original	gldm	LargeDependenceHighGrayLevelEmphasis	3460.465426453754
original	gldm	LargeDependenceLowGrayLevelEmphasis	110.08674123790358
original	gldm	LowGrayLevelEmphasis	0.21386015008170042
original	gldm	SmallDependenceEmphasis	0.0030060466281691864
original	gldm	SmallDependenceHighGrayLevelEmphasis	0.022289646011120778
original	gldm	SmallDependenceLowGrayLevelEmphasis	0.0007103385590896074
original	glrlm	GrayLevelNonUniformity	174518.5205879398
original	glrlm	GrayLevelNonUniformityNormalized	0.3392310033013073
original	glrlm	GrayLevelVariance	0.6854652855508527
original	glrlm	HighGrayLevelRunEmphasis	7.282469276015335
original	glrlm	LongRunEmphasis	95.20013716528544
original	glrlm	LongRunHighGrayLevelEmphasis	585.6626920917392
original	glrlm	LongRunLowGrayLevelEmphasis	19.721385489447208
original	glrlm	LowGrayLevelRunEmphasis	0.23265103826178588
original	glrlm	RunEntropy	5.526874166311795
original	glrlm	RunLengthNonUniformity	61075.054158852596
original	glrlm	RunLengthNonUniformityNormalized	0.11219752923072453
original	glrlm	RunPercentage	0.17640050146441544
original	glrlm	RunVariance	49.79295679531271
original	glrlm	ShortRunEmphasis	0.2634854321656865
original	glrlm	ShortRunHighGrayLevelEmphasis	2.058768835255809
original	glrlm	ShortRunLowGrayLevelEmphasis	0.06625186279648178
original	glszm	GrayLevelNonUniformity	375.8965977318212
original	glszm	GrayLevelNonUniformityNormalized	0.250764908426832
original	glszm	GrayLevelVariance	2.100953226100033
original	glszm	HighGrayLevelZoneEmphasis	10.70513675783856
original	glszm	LargeAreaEmphasis	2253393679.740494
original	glszm	LargeAreaHighGrayLevelEmphasis	13433923941.519012
original	glszm	LargeAreaLowGrayLevelEmphasis	443141387.23253566
original	glszm	LowGrayLevelZoneEmphasis	0.352026710172617
original	glszm	SizeZoneNonUniformity	50.28619079386257
original	glszm	SizeZoneNonUniformityNormalized	0.03354649152359078
original	glszm	SmallAreaEmphasis	0.1424125520288585
original	glszm	SmallAreaHighGrayLevelEmphasis	1.681179706336776
original	glszm	SmallAreaLowGrayLevelEmphasis	0.04380950526471425
original	glszm	ZoneEntropy	7.983984350707474
original	glszm	ZonePercentage	0.0005139174255719689
original	glszm	ZoneVariance	2249607394.638831
original	ngtdm	Busyness	7077.122035987011
original	ngtdm	Coarseness	6.115093117435829e-06
original	ngtdm	Complexity	4.063970869705047
original	ngtdm	Contrast	0.0035959920507650004
original	ngtdm	Strength	0.00020960386563030387
