Image type	Feature Class	Feature Name	Segmentation_1_segment_prostata
diagnostics	Versions	PyRadiomics	v3.0.1.post15+g2791e23
diagnostics	Versions	Numpy	1.22.1
diagnostics	Versions	SimpleITK	2.2.0rc2.post15
diagnostics	Versions	PyWavelet	1.3.0
diagnostics	Versions	Python	3.9.10
diagnostics	Configuration	Settings	{'minimumROIDimensions': 2, 'minimumROISize': None, 'normalize': False, 'normalizeScale': 1, 'removeOutliers': None, 'resampledPixelSpacing': None, 'interpolator': 'sitkBSpline', 'preCrop': False, 'padDistance': 5, 'distances': [1], 'force2D': False, 'force2Ddimension': 0, 'resegmentRange': None, 'label': 1, 'additionalInfo': True, 'binWidth': 8.0, 'symmetricalGLCM': True, 'correctMask': True}
diagnostics	Configuration	EnabledImageTypes	{'Original': {}}
diagnostics	Image-original	Hash	4213d90ba8b01ab53f3521273caf957e60ddc781
diagnostics	Image-original	Dimensionality	3D
diagnostics	Image-original	Spacing	(0.3437500000000003, 0.34375000000000033, 0.3437499999999999)
diagnostics	Image-original	Size	(162, 143, 140)
diagnostics	Image-original	Mean	57.39784906451573
diagnostics	Image-original	Minimum	0.0
diagnostics	Image-original	Maximum	190.0
diagnostics	Mask-original	Hash	26dc72dbd73c3eab302183671a8393baf5f7934c
diagnostics	Mask-original	Spacing	(0.3437500000000003, 0.34375000000000033, 0.3437499999999999)
diagnostics	Mask-original	Size	(162, 143, 140)
diagnostics	Mask-original	BoundingBox	(6, 5, 14, 150, 133, 104)
diagnostics	Mask-original	VoxelNum	926979
diagnostics	Mask-original	VolumeNum	1
diagnostics	Mask-original	CenterOfMassIndex	(81.16604259643422, 80.33365696526027, 73.76856973027436)
diagnostics	Mask-original	CenterOfMass	(0.9462768356650244, 28.253123261520514, 5.744131861465615)
original	shape	Elongation	0.761262869718672
original	shape	Flatness	0.7459724749509438
original	shape	LeastAxisLength	35.08096905542532
original	shape	MajorAxisLength	47.02716284234521
original	shape	Maximum2DDiameterColumn	51.855003676116006
original	shape	Maximum2DDiameterRow	47.043540752822835
original	shape	Maximum2DDiameterSlice	51.70095993124794
original	shape	Maximum3DDiameter	52.205881867491755
original	shape	MeshVolume	37647.45665359488
original	shape	MinorAxisLength	35.80003294009102
original	shape	Sphericity	0.6255506571949543
original	shape	SurfaceArea	8683.845094384533
original	shape	SurfaceVolumeRatio	0.23066219782884934
original	shape	VoxelVolume	37652.864044189504
original	firstorder	10Percentile	34.0
original	firstorder	90Percentile	89.0
original	firstorder	Energy	3671584576.0
original	firstorder	Entropy	3.388117338821921
original	firstorder	InterquartileRange	31.0
original	firstorder	Kurtosis	2.4986752546685733
original	firstorder	Maximum	145.0
original	firstorder	MeanAbsoluteDeviation	17.394341069986364
original	firstorder	Mean	59.36349798647003
original	firstorder	Median	56.0
original	firstorder	Minimum	3.0
original	firstorder	Range	142.0
original	firstorder	RobustMeanAbsoluteDeviation	13.219765505421949
original	firstorder	RootMeanSquared	62.934939719324966
original	firstorder	Skewness	0.3443098561893459
original	firstorder	TotalEnergy	149135713.82617208
original	firstorder	Uniformity	0.10807856245289975
original	firstorder	Variance	436.7817442854357
original	glcm	Autocorrelation	70.45090074142503
original	glcm	ClusterProminence	1792.8859877314624
original	glcm	ClusterShade	47.21716265487267
original	glcm	ClusterTendency	26.834221356515034
original	glcm	Contrast	0.7037507523001266
original	glcm	Correlation	0.948879884710762
original	glcm	DifferenceAverage	0.5254873973317272
original	glcm	DifferenceEntropy	1.270581133024533
original	glcm	DifferenceVariance	0.41385318221668105
original	glcm	Id	0.7628101705333845
original	glcm	Idm	0.7545888347679874
original	glcm	Idmn	0.9980701391846095
original	glcm	Idn	0.9741375751680508
original	glcm	Imc1	-0.5010160358240697
original	glcm	Imc2	0.9811605904085071
original	glcm	InverseVariance	0.4053237309765406
original	glcm	JointAverage	7.994886933692613
original	glcm	JointEnergy	0.04266910533590526
original	glcm	JointEntropy	5.074667621923551
original	glcm	MCC	0.9502794658221307
original	glcm	MaximumProbability	0.092749771755218
original	glcm	SumAverage	15.989773867385228
original	glcm	SumEntropy	4.320113915351993
original	glcm	SumSquares	6.884493027203792
original	gldm	DependenceEntropy	7.85783230706515
original	gldm	DependenceNonUniformity	44314.78380955772
original	gldm	DependenceNonUniformityNormalized	0.047805596253591195
original	gldm	DependenceVariance	33.154175981234964
original	gldm	GrayLevelNonUniformity	100186.55774402656
original	gldm	GrayLevelVariance	6.906949226344291
original	gldm	HighGrayLevelEmphasis	70.63512873538667
original	gldm	LargeDependenceEmphasis	254.22774302330473
original	gldm	LargeDependenceHighGrayLevelEmphasis	17136.348682116855
original	gldm	LargeDependenceLowGrayLevelEmphasis	6.328665787134968
original	gldm	LowGrayLevelEmphasis	0.02326834407993729
original	gldm	SmallDependenceEmphasis	0.009587882275275114
original	gldm	SmallDependenceHighGrayLevelEmphasis	0.7315372238210215
original	gldm	SmallDependenceLowGrayLevelEmphasis	0.0002140498612426866
original	glrlm	GrayLevelNonUniformity	46426.85732776216
original	glrlm	GrayLevelNonUniformityNormalized	0.10742561235600266
original	glrlm	GrayLevelVariance	6.775783558658012
original	glrlm	HighGrayLevelRunEmphasis	72.92238060375283
original	glrlm	LongRunEmphasis	9.470000345148518
original	glrlm	LongRunHighGrayLevelEmphasis	637.9681241498894
original	glrlm	LongRunLowGrayLevelEmphasis	0.2319053892625755
original	glrlm	LowGrayLevelRunEmphasis	0.022183050011650735
original	glrlm	RunEntropy	5.5283825404850315
original	glrlm	RunLengthNonUniformity	148013.28769320113
original	glrlm	RunLengthNonUniformityNormalized	0.33013523453925653
original	glrlm	RunPercentage	0.46659450504521427
original	glrlm	RunVariance	3.9777069018710924
original	glrlm	ShortRunEmphasis	0.5723652229909887
original	glrlm	ShortRunHighGrayLevelEmphasis	42.71070819325383
original	glrlm	ShortRunLowGrayLevelEmphasis	0.01214504951204692
original	glszm	GrayLevelNonUniformity	172.56352636127917
original	glszm	GrayLevelNonUniformityNormalized	0.07457369332812411
original	glszm	GrayLevelVariance	14.85474328968983
original	glszm	HighGrayLevelZoneEmphasis	86.82584269662921
original	glszm	LargeAreaEmphasis	34578295.992653415
original	glszm	LargeAreaHighGrayLevelEmphasis	2064424676.6011236
original	glszm	LargeAreaLowGrayLevelEmphasis	729187.0725526516
original	glszm	LowGrayLevelZoneEmphasis	0.03494084286223078
original	glszm	SizeZoneNonUniformity	126.82800345721694
original	glszm	SizeZoneNonUniformityNormalized	0.054808990258088566
original	glszm	SmallAreaEmphasis	0.19910236885575697
original	glszm	SmallAreaHighGrayLevelEmphasis	16.555783418888804
original	glszm	SmallAreaLowGrayLevelEmphasis	0.006544596330937833
original	glszm	ZoneEntropy	8.776651341245014
original	glszm	ZonePercentage	0.0024962809297729505
original	glszm	ZoneVariance	34417818.887295514
original	ngtdm	Busyness	182.30883770964542
original	ngtdm	Coarseness	3.3300662623047614e-05
original	ngtdm	Complexity	51.3879918829691
original	ngtdm	Contrast	0.012578031975761843
original	ngtdm	Strength	0.005394024814203278
